date,transaction_costs
2015-01-02,0.0
2015-01-05,323.5822528600693
2015-01-07,305.35756567139936
2015-01-08,461.39463014246047
2015-01-09,610.1804261592232
2015-01-12,422.63648825898986
2015-01-13,445.56197748846233
2015-01-14,416.7545090971905
2015-01-15,353.0868859641433
2015-01-16,316.055075687413
2015-01-20,456.51292185144007
2015-01-21,312.6602979247791
2015-01-22,709.0092015168948
2015-01-23,484.4483997213059
2015-01-26,464.0510200567861
2015-01-27,310.47557359239124
2015-01-28,515.877773041083
2015-01-29,495.1154422135935
2015-01-30,588.0405218258112
2015-02-02,589.4945082641581
2015-02-03,613.0918091360834
2015-02-04,247.20210005617497
2015-02-05,647.3860284121901
2015-02-06,576.8475044180806
2015-02-09,769.9349921126144
2015-02-10,505.1008138329458
2015-02-11,536.95982028733
2015-02-12,599.8797709461218
2015-02-13,441.20190447605916
2015-02-17,713.0366238395354
2015-02-18,681.5688239089573
2015-02-19,374.6642721910681
2015-02-20,363.90389966756294
2015-02-23,494.06533931103445
2015-02-24,556.7057481677106
2015-02-25,394.9862361671966
2015-02-26,360.47306010213276
2015-02-27,606.3058202125738
2015-03-02,465.0746521135674
2015-03-03,828.1275982230253
2015-03-04,558.4551253714873
2015-03-05,448.01660996297187
2015-03-06,715.8990976439746
2015-03-09,207.95366985415177
2015-03-10,502.0079610439565
2015-03-11,641.7226385252679
2015-03-12,630.2438293749387
2015-03-13,653.5621924485245
2015-03-16,566.5809768363711
2015-03-17,417.4786833864488
2015-03-18,504.0681815643952
2015-03-19,800.6556755150269
2015-03-20,572.5632906587093
2015-03-23,680.3474646915589
2015-03-24,425.7194679728677
2015-03-25,551.3387173364096
2015-03-26,684.5937493956808
2015-03-27,530.6670635265664
2015-03-30,511.35368472829265
2015-03-31,205.7085278877881
2015-04-01,610.8960147721887
2015-04-02,529.4498075379244
2015-04-07,655.5414719856255
2015-04-08,682.087914284639
2015-04-09,627.577954961068
2015-04-10,762.2616881428885
2015-04-13,348.4307457603463
2015-04-14,343.7071832351251
2015-04-15,583.3006796707607
2015-04-16,316.555710361262
2015-04-17,646.0458312581154
2015-04-20,691.7696895864283
2015-04-21,379.21670828956735
2015-04-22,537.6075222265637
2015-04-23,407.24931720772463
2015-04-24,380.07800153349484
2015-04-27,776.5187585636492
2015-04-28,551.9541288489767
2015-04-29,364.7829992749668
2015-04-30,94.77788190491364
2015-05-04,722.075812495503
2015-05-05,436.12418755584997
2015-05-06,697.5209830607292
2015-05-07,649.5979992130414
2015-05-08,619.8804150322838
2015-05-11,271.94096084374314
2015-05-12,558.8513781888227
2015-05-13,708.8767959826765
2015-05-15,646.5623092629883
2015-05-18,510.57536775584174
2015-05-19,641.9329345625088
2015-05-20,572.7558305210132
2015-05-21,454.4673236357029
2015-05-22,656.1818241817797
2015-05-26,481.37929393365033
2015-05-27,818.3677248456233
2015-05-28,707.6440059482002
2015-05-29,475.3084826008319
2015-06-01,629.8983380189283
2015-06-02,670.5161962314891
2015-06-03,531.8838646561034
2015-06-04,697.9405410921845
2015-06-05,312.35688071707375
2015-06-08,715.4231866359992
2015-06-09,647.0028024035122
2015-06-10,495.8319790828487
2015-06-11,652.3564181600406
2015-06-12,512.1956517486886
2015-06-15,683.4511933659982
2015-06-16,637.1874668541519
2015-06-17,687.7930289187259
2015-06-18,655.4642384810768
2015-06-22,652.6467782253321
2015-06-23,799.2486615814327
2015-06-24,924.9717006742588
2015-06-25,518.0693843393656
2015-06-26,693.1314715203957
2015-06-29,644.7247425051523
2015-06-30,525.9942370828057
2015-07-01,469.35215578897487
2015-07-02,474.56222945717593
2015-07-06,613.4394046809975
2015-07-07,841.1534280211806
2015-07-08,495.74520227523
2015-07-09,786.1006003734233
2015-07-10,676.795104428503
2015-07-13,558.2342850269397
2015-07-14,509.46980629692007
2015-07-15,776.964610994576
2015-07-16,857.3137444471948
2015-07-17,822.323539758077
2015-07-20,385.88642450836625
2015-07-21,482.51927418630095
2015-07-22,820.9006575690139
2015-07-23,734.9475061353447
2015-07-24,610.0215075122322
2015-07-27,609.9835003182166
2015-07-28,884.83520117746
2015-07-29,562.3422803430747
2015-07-30,665.7119482619173
2015-07-31,620.4272832987295
2015-08-03,594.9041496272179
2015-08-04,729.1839276675827
2015-08-05,613.6249824759717
2015-08-06,453.49683132392266
2015-08-07,653.8981131371378
2015-08-10,942.2725442858272
2015-08-11,408.71634229753516
2015-08-12,673.5368408992409
2015-08-13,728.0315407052435
2015-08-14,760.0919916053908
2015-08-17,421.8139111099241
2015-08-18,558.392311121457
2015-08-19,716.4226383250744
2015-08-20,708.1557139041826
2015-08-21,854.8556554559632
2015-08-24,440.34694957208507
2015-08-25,475.6029317975968
2015-08-26,970.8202904687012
2015-08-27,419.1688325111845
2015-08-28,609.6558926131573
2015-08-31,654.7828376534844
2015-09-01,699.8355834152194
2015-09-02,676.704885448512
2015-09-03,544.844448418705
2015-09-04,333.33788348711045
2015-09-08,703.7169594614128
2015-09-09,536.3019354541892
2015-09-10,818.4950425668175
2015-09-11,604.6141138781451
2015-09-14,448.79550771158773
2015-09-15,610.3076486750479
2015-09-16,828.6315753387136
2015-09-17,549.4909624612127
2015-09-18,378.3530536772562
2015-09-21,876.0866708277659
2015-09-22,788.1910220617099
2015-09-23,423.3088628472688
2015-09-24,595.6941461150628
2015-09-25,771.741627333011
2015-09-28,429.496129474596
2015-09-29,705.4566289242797
2015-09-30,500.1123875693064
2015-10-01,590.6323494305047
2015-10-02,477.51402452304313
2015-10-05,651.9775907608683
2015-10-06,584.8621230773708
2015-10-07,654.0261548513823
2015-10-08,520.5212299171998
2015-10-09,517.0792369272513
2015-10-12,838.1812719982875
2015-10-13,881.4539789031594
2015-10-14,878.6054118992985
2015-10-15,669.8472427225636
2015-10-16,462.30254301402186
2015-10-19,823.6689562033272
2015-10-20,409.9528771897708
2015-10-21,499.0511184627187
2015-10-22,576.053614255036
2015-10-23,700.0149711589837
2015-10-26,680.4866910851493
2015-10-27,544.8676570669828
2015-10-28,577.6098444267795
2015-10-29,759.4140605613259
2015-10-30,419.85178865681115
2015-11-02,700.6141593486765
2015-11-03,579.9091803953381
2015-11-04,411.3393453293715
2015-11-05,597.7179285897927
2015-11-06,348.2485667268559
2015-11-09,689.4567923923277
2015-11-10,177.28484382716778
2015-11-11,689.5645937359042
2015-11-12,619.2903819258828
2015-11-13,765.6614005325051
2015-11-16,542.0682358552389
2015-11-17,968.7368330613789
2015-11-18,433.2639455324404
2015-11-19,545.7884838423512
2015-11-20,762.2438473908958
2015-11-23,699.5343015951735
2015-11-24,635.0790442386077
2015-11-25,620.052326880264
2015-11-27,502.1112368606772
2015-11-30,270.0599056327664
2015-12-01,1051.8941142560805
2015-12-02,803.7193638954628
2015-12-03,670.2683930850314
2015-12-04,685.4973295188472
2015-12-07,900.6388791497712
2015-12-08,519.0464598861372
2015-12-09,738.6177428877774
2015-12-10,795.535733260468
2015-12-11,671.5339139753041
2015-12-14,633.8933911612875
2015-12-15,397.2622659092358
2015-12-16,539.9232617624683
2015-12-17,834.7968270922752
2015-12-18,411.88383705691837
2015-12-21,412.25170747219806
2015-12-22,487.8772060039213
2015-12-23,785.1416259866388
2015-12-28,724.6505895478167
2015-12-29,746.4261366661954
2015-12-30,959.4847981438822
2016-01-04,805.4103822954975
2016-01-05,537.7212610642848
2016-01-07,466.22970549590013
2016-01-08,715.1091337714703
2016-01-11,1048.494082277033
2016-01-12,563.9712341247059
2016-01-13,652.724700584205
2016-01-14,671.9236061734789
2016-01-15,738.2492115798769
2016-01-19,600.8852341531722
2016-01-20,499.80425059372595
2016-01-21,746.0295699072551
2016-01-22,448.9677925248057
2016-01-25,354.52624497108735
2016-01-26,547.3665691494847
2016-01-27,666.4053875628879
2016-01-28,745.517321956149
2016-01-29,751.643846208091
2016-02-01,482.1476866623753
2016-02-02,549.5079649237182
2016-02-03,647.7880523011319
2016-02-04,384.33741961365
2016-02-05,712.5025586116274
2016-02-08,864.8314471622912
2016-02-09,691.9894423172846
2016-02-10,540.1019952273758
2016-02-11,489.6144384464604
2016-02-12,495.5180473037572
2016-02-16,418.1421905017136
2016-02-17,672.8320789568613
2016-02-18,545.9815209497086
2016-02-19,647.4396260621601
2016-02-22,597.471090988396
2016-02-23,487.9456986978939
2016-02-24,674.3479221111114
2016-02-25,649.0088931021056
2016-02-26,564.5691312815359
2016-02-29,754.7921928942665
2016-03-01,511.5889088061478
2016-03-02,444.5834479053332
2016-03-03,663.3980844962579
2016-03-04,625.7025725312322
2016-03-07,768.5420750425803
2016-03-08,697.2301771163559
2016-03-09,433.8493136506183
2016-03-10,841.4516196781805
2016-03-11,708.90329738807
2016-03-14,540.3436291061715
2016-03-15,679.4011592758109
2016-03-16,363.3062981367142
2016-03-17,493.09974910401326
2016-03-18,634.8976384409831
2016-03-21,922.3078378706616
2016-03-22,677.657851855751
2016-03-23,643.4019963672887
2016-03-24,776.9950429554814
2016-03-29,838.5615647752306
2016-03-30,587.2094264650981
2016-03-31,854.5739628934475
2016-04-01,515.224914020323
2016-04-04,1013.2544801449136
2016-04-05,503.69751229762426
2016-04-06,498.3647688494225
2016-04-07,422.4014644901284
2016-04-08,649.6082582001502
2016-04-11,687.5611545494187
2016-04-12,715.5353570790006
2016-04-13,683.5505327815631
2016-04-14,806.3445182840701
2016-04-15,489.4059383265559
2016-04-18,437.6162694174065
2016-04-19,689.8183533094497
2016-04-20,641.9934110494481
2016-04-21,669.0666017200851
2016-04-22,751.4896263750413
2016-04-25,376.1509000339586
2016-04-26,635.1215489435712
2016-04-27,690.304882261917
2016-04-28,688.7030554621631
2016-04-29,697.2895072505311
2016-05-02,738.7764355000282
2016-05-03,556.037259160506
2016-05-04,531.6086530875391
2016-05-06,558.6509471678651
2016-05-09,621.6155937232394
2016-05-10,625.6308877938359
2016-05-11,645.4420196670615
2016-05-12,810.5531436057821
2016-05-13,806.8614004131065
2016-05-16,733.4581841852413
2016-05-17,609.1056354512406
2016-05-18,431.5141798750272
2016-05-19,789.3381222151436
2016-05-20,455.6892947586408
2016-05-23,618.4741197717543
2016-05-24,636.8210693124475
2016-05-25,400.8408255442104
2016-05-26,690.2495103244989
2016-05-27,523.1754777163235
2016-05-31,442.09002108271545
2016-06-01,607.46820354193
2016-06-02,648.3552144269635
2016-06-03,290.5889133589545
2016-06-06,925.4216338767542
2016-06-07,696.9447421410274
2016-06-08,432.3175137695772
2016-06-09,611.8030312263035
2016-06-10,459.05187091548237
2016-06-13,329.1238640596606
2016-06-14,443.8133117302499
2016-06-15,230.31575756936013
2016-06-16,648.5552403800646
2016-06-17,355.1257251560085
2016-06-20,487.7522812599736
2016-06-21,671.457726045316
2016-06-22,649.0897743062786
2016-06-23,750.9091849640264
2016-06-27,713.2663675499139
2016-06-28,752.8167006055724
2016-06-29,466.5597487940053
2016-06-30,668.64218979605
2016-07-01,868.8920633353035
2016-07-05,313.9873970575073
2016-07-06,828.0158993157648
2016-07-07,608.3441332695551
2016-07-08,367.69932842131146
2016-07-11,503.7909725573301
2016-07-12,490.20766457749187
2016-07-13,630.7370458321726
2016-07-14,442.3289980511184
2016-07-15,601.1847428687156
2016-07-18,673.3227583572269
2016-07-19,413.16207223134205
2016-07-20,435.95486898953965
2016-07-21,479.00286796844944
2016-07-22,586.6024941849782
2016-07-25,565.3390245645146
2016-07-26,681.1207922719225
2016-07-27,658.3529209444545
2016-07-28,634.0627650538487
2016-07-29,889.9023930805894
2016-08-01,579.3540149885496
2016-08-02,834.143684977345
2016-08-03,468.50353728447305
2016-08-04,727.6247367869773
2016-08-05,425.832586731852
2016-08-08,635.534837524813
2016-08-09,650.4838446369845
2016-08-10,494.366824761016
2016-08-11,748.9918394746911
2016-08-12,902.5326378574846
2016-08-15,884.0649163043761
2016-08-16,637.0210913032372
2016-08-17,715.2262179499754
2016-08-18,732.5709418424982
2016-08-19,630.1440740500911
2016-08-22,769.6332790738472
2016-08-23,840.0573423515591
2016-08-24,554.3855765228925
2016-08-25,781.8178636128366
2016-08-26,693.3368627472622
2016-08-29,561.8253368158528
2016-08-30,872.5579970914415
2016-08-31,609.2138303260163
2016-09-01,793.4144378413796
2016-09-02,389.10121471480323
2016-09-06,560.7383508116623
2016-09-07,346.8950650813755
2016-09-08,780.8362290720114
2016-09-09,445.8831829692172
2016-09-12,522.3033368698979
2016-09-13,872.3383083955065
2016-09-14,518.6664187809831
2016-09-15,566.0322622359039
2016-09-16,704.9055142243283
2016-09-19,964.3045770626413
2016-09-20,422.66820737957744
2016-09-21,609.3968887350547
2016-09-22,640.4816708509665
2016-09-23,858.75385231756
2016-09-26,935.3488975984399
2016-09-27,640.3342898567913
2016-09-28,1002.2644889209593
2016-09-29,842.993424125958
2016-09-30,656.2542910694403
2016-10-03,589.2829909817317
2016-10-04,676.6404070605571
2016-10-05,385.92842768817314
2016-10-06,557.5231359179758
2016-10-07,656.9505038297775
2016-10-11,769.6841704237781
2016-10-12,870.5031023375204
2016-10-13,866.769253870464
2016-10-14,584.879982312175
2016-10-17,611.8104848208156
2016-10-18,431.58962589123905
2016-10-19,704.2931502344318
2016-10-20,487.76366578183735
2016-10-21,736.2230486300623
2016-10-24,660.4458997527062
2016-10-25,654.258333101066
2016-10-26,894.9764530367524
2016-10-27,508.1057658409259
2016-10-28,868.4959808933284
2016-10-31,797.2960379154036
2016-11-01,908.1788496901951
2016-11-02,828.6206868576248
2016-11-03,653.0729438683079
2016-11-04,830.6021826426316
2016-11-07,848.0259451391556
2016-11-08,639.6841642743816
2016-11-09,311.84090565702616
2016-11-10,555.9990998929102
2016-11-14,588.991956327898
2016-11-15,688.38725242292
2016-11-16,566.677120087778
2016-11-17,494.75710642202966
2016-11-18,736.1508313973396
2016-11-21,699.3941532176854
2016-11-22,685.7101617070231
2016-11-23,763.9942994041209
2016-11-25,840.5601404185606
2016-11-28,507.04728396311714
2016-11-29,739.2469038505095
2016-11-30,523.9247002683306
2016-12-01,796.9697458876889
2016-12-02,531.9387255076006
2016-12-05,547.8131118874649
2016-12-07,463.71975501683306
2016-12-08,770.3579844265936
2016-12-09,870.6529739443713
2016-12-12,837.5597966450447
2016-12-13,614.5979683797233
2016-12-14,448.9312426764277
2016-12-15,516.7929434792392
2016-12-16,573.5561726245395
2016-12-19,577.6200524577366
2016-12-20,859.8539938956474
2016-12-21,1107.84977497258
2016-12-22,411.37357329867274
2016-12-23,691.5463314149698
2016-12-27,603.6008673885849
2016-12-28,805.8344694135042
2016-12-29,535.3519847037779
2016-12-30,535.8217196894846
2017-01-03,582.688151404423
2017-01-04,722.7523842752038
2017-01-05,781.9343870290927
2017-01-09,974.1807638265825
2017-01-10,618.6815553924629
2017-01-11,723.8269901923509
2017-01-12,579.2325517010433
2017-01-13,441.91785966215343
2017-01-17,719.1086038991211
2017-01-18,716.3714653987669
2017-01-19,1003.917118368123
2017-01-20,640.6216266376207
2017-01-23,736.9582021003935
2017-01-24,597.8480556486886
2017-01-25,726.223565986191
2017-01-26,542.5212715061738
2017-01-27,817.1178520302365
2017-01-30,262.17117883423685
2017-01-31,530.4384236373041
2017-02-01,713.1510243643081
2017-02-02,612.0640519178564
2017-02-03,755.5152077663803
2017-02-06,825.3265557868967
2017-02-07,776.410065961863
2017-02-08,737.59732677717
2017-02-09,681.1982735731351
2017-02-10,699.5873409416223
2017-02-13,397.48714052061524
2017-02-14,780.0799493375969
2017-02-15,1041.4201535508487
2017-02-16,453.54241399001046
2017-02-17,876.3501725603369
2017-02-21,760.9443159846977
2017-02-22,625.1796960669953
2017-02-23,791.2547103345742
2017-02-24,734.841862866358
2017-02-27,1047.604932260946
2017-02-28,747.8334631340831
2017-03-01,825.9265423621695
2017-03-02,875.383010629549
2017-03-03,771.3092165467986
2017-03-06,845.3978970482991
2017-03-07,944.6384729719917
2017-03-08,531.5377416081706
2017-03-09,779.5512397598837
2017-03-10,518.9224547933073
2017-03-13,480.39588322415506
2017-03-14,568.8200363213218
2017-03-15,616.7679546005094
2017-03-16,685.1822995964183
2017-03-17,834.5923277287068
2017-03-20,703.8545999826222
2017-03-21,654.489932742249
2017-03-22,438.7285853391442
2017-03-23,598.5642446385933
2017-03-24,711.2503493434509
2017-03-27,645.9779371013711
2017-03-28,1020.999317413492
2017-03-29,715.8027705765178
2017-03-30,786.324245336499
2017-03-31,491.3929780086152
2017-04-03,372.9885229703214
2017-04-04,736.8759220355038
2017-04-05,944.434765247038
2017-04-06,709.3006323870732
2017-04-07,484.75038428130983
2017-04-10,722.7781699734822
2017-04-11,742.8136851627254
2017-04-12,1089.7005976352877
2017-04-13,812.7790762893305
2017-04-18,674.7181101690522
2017-04-19,479.00894823466933
2017-04-20,825.9271650862728
2017-04-21,720.7089157560099
2017-04-24,716.3322226064747
2017-04-25,843.2076526982659
2017-04-26,753.0911229672256
2017-04-27,601.649246552444
2017-04-28,745.085157125871
2017-05-02,763.0174405003241
2017-05-03,1076.6129433698375
2017-05-04,690.8646637817294
2017-05-05,662.973630730665
2017-05-08,1076.5776009860222
2017-05-09,468.9371837672168
2017-05-10,608.4946488012553
2017-05-11,1001.2048838707759
2017-05-12,849.3257987476874
2017-05-15,974.9873303588633
2017-05-16,864.6144947886455
2017-05-17,568.9530911988167
2017-05-18,751.5741849104782
2017-05-19,326.5194074729638
2017-05-22,678.0888118528688
2017-05-23,686.3298285063817
2017-05-24,899.8273024833339
2017-05-26,704.0351583741295
2017-05-30,1027.0001594999326
2017-05-31,587.917909133635
2017-06-01,988.0528825266853
2017-06-02,883.8850544467086
2017-06-05,915.94849239017
2017-06-06,790.7791642055422
2017-06-07,880.4321867703436
2017-06-08,789.4931790959504
2017-06-09,639.5693116953844
2017-06-12,921.8350003446021
2017-06-13,891.8677511718066
2017-06-14,622.9852993185928
2017-06-15,1288.1606793117999
2017-06-16,691.7767370485931
2017-06-19,691.0651860496838
2017-06-20,995.2156854641552
2017-06-21,1008.3311570507042
2017-06-22,775.9789287752078
2017-06-26,754.0292581387748
2017-06-27,882.2864921701333
2017-06-28,937.0015944974665
2017-06-29,836.7567140718587
2017-06-30,1076.3856679345968
2017-07-03,620.885190707153
2017-07-05,1151.3165669278362
2017-07-06,780.5130313872306
2017-07-07,699.4328323838439
2017-07-10,989.6636825774874
2017-07-11,910.1359008766109
2017-07-12,918.3608700296821
2017-07-13,1238.510979401816
2017-07-14,920.7264657558638
2017-07-17,924.2222294755526
2017-07-18,673.7048329061724
2017-07-19,636.8408960661612
2017-07-20,946.7290198882533
2017-07-21,981.4447050723917
2017-07-24,478.9892846484048
2017-07-25,1020.4524037490584
2017-07-26,835.7038064247056
2017-07-27,510.7804167625573
2017-07-28,429.3365811745536
2017-07-31,740.6054070709962
2017-08-01,440.62275943306673
2017-08-02,1222.079991639593
2017-08-03,1085.204719614139
2017-08-04,638.7153019202674
2017-08-07,881.4312973487159
2017-08-08,984.9930532773344
2017-08-09,748.9888954893423
2017-08-10,830.8137010746642
2017-08-11,859.0283748952592
2017-08-14,692.0112296499235
2017-08-15,473.63574635545973
2017-08-16,781.8020859055443
2017-08-17,809.3690057837761
2017-08-18,521.2195305359763
2017-08-21,717.0224359161351
2017-08-22,926.9557113246123
2017-08-23,804.4629989304639
2017-08-24,606.1533710060262
2017-08-25,688.7891053822607
2017-08-28,926.4289162354532
2017-08-29,369.5526677466187
2017-08-30,435.0020610845267
2017-08-31,637.1321653433498
2017-09-01,987.4446850003682
2017-09-05,1045.0217852613887
2017-09-06,730.7813626873474
2017-09-07,681.8401216290129
2017-09-08,467.373365158594
2017-09-11,872.6575935663648
2017-09-12,791.6039960909729
2017-09-13,561.2161909978214
2017-09-14,410.24758968314444
2017-09-15,708.4556505927208
2017-09-18,845.6519493139566
2017-09-19,997.2270886817741
2017-09-20,618.6687690217042
2017-09-21,521.115322895819
2017-09-22,422.7427487215896
2017-09-25,1007.0810704215465
2017-09-26,983.7781916065767
2017-09-27,618.4726103147474
2017-09-28,288.9166835627677
2017-09-29,313.7015486264794
2017-10-02,838.8777521694764
2017-10-03,838.8410317575434
2017-10-04,780.8107421203091
2017-10-05,813.823822759926
2017-10-06,618.6848499162257
2017-10-09,312.87819074032774
2017-10-10,600.1266056354032
2017-10-11,1011.118008572675
2017-10-12,358.98568606035684
2017-10-13,949.6632677406666
2017-10-16,683.2127739226385
2017-10-17,829.7537319593251
2017-10-18,956.7297527341685
2017-10-19,1171.1150977100767
2017-10-20,783.7975979160956
2017-10-23,837.8888775718982
2017-10-24,668.9057112874315
2017-10-25,782.9531433155146
2017-10-26,763.6794176973247
2017-10-27,201.78388791609862
2017-10-30,1028.8990935817571
2017-10-31,908.0932768027711
2017-11-01,569.1261159211911
2017-11-02,911.1240599437818
2017-11-03,913.307399101089
2017-11-06,860.3082369105804
2017-11-07,660.6873615870438
2017-11-08,775.6087962711871
2017-11-09,1128.18989759053
2017-11-10,555.4639578064293
2017-11-13,452.27080235380845
2017-11-14,863.7389113972848
2017-11-15,440.047927971744
2017-11-16,739.5869553583645
2017-11-17,887.0893832490843
2017-11-20,1021.5932874052514
2017-11-21,894.4775763004754
2017-11-22,686.6288249124016
2017-11-24,786.4686346419685
2017-11-27,779.029551597838
2017-11-28,294.5073161131225
2017-11-29,820.8328715314467
2017-11-30,908.9912837842993
2017-12-01,427.41783883667176
2017-12-04,696.0391215474776
2017-12-05,760.921342485015
2017-12-07,649.3492725269917
2017-12-08,484.9289667439676
2017-12-11,620.8115300667425
2017-12-12,959.5022552262915
2017-12-13,752.8122450109146
2017-12-14,959.4611015494905
2017-12-15,942.0260242320531
2017-12-18,797.0091746417066
2017-12-19,527.5515668631442
2017-12-20,690.2619912506087
2017-12-21,553.6930983851479
2017-12-22,492.69534466585725
2017-12-27,694.6194417304162
2017-12-28,829.2145750864166
2017-12-29,605.3203662108682
2018-01-02,703.8409124171123
2018-01-03,696.5692302811054
2018-01-04,643.2291200194506
2018-01-05,571.1283549138539
2018-01-08,574.8462953534045
2018-01-09,722.1229206442973
2018-01-10,551.0962023921018
2018-01-11,512.7335455871704
2018-01-12,1092.0963691243676
2018-01-16,752.0502223329686
2018-01-17,676.0253850311751
2018-01-18,778.2112768885326
2018-01-19,486.275182821373
2018-01-22,679.3288574983196
2018-01-23,742.9488959141228
2018-01-24,875.3457063730547
2018-01-25,620.1119653906419
2018-01-26,688.4792369567111
2018-01-29,841.5678577917868
2018-01-30,678.6401902600089
2018-01-31,845.4182842780765
2018-02-01,593.564614206527
2018-02-02,1076.136491588813
2018-02-05,957.4681169126354
2018-02-06,879.8385321197158
2018-02-07,804.9813287186712
2018-02-08,416.2252019066691
2018-02-09,729.2183370664376
2018-02-12,949.0737279862959
2018-02-13,1285.2161908376927
2018-02-14,657.7055476718649
2018-02-15,507.51791342710527
2018-02-16,740.5951196584708
2018-02-20,617.6892393666803
2018-02-21,738.0098295326414
2018-02-22,921.4299087095081
2018-02-23,729.4567754492435
2018-02-26,910.877351007716
2018-02-27,329.71410199226415
2018-02-28,1034.382210767545
2018-03-01,1024.0373675381072
2018-03-02,678.2234897013066
2018-03-05,1028.8812820373516
2018-03-06,907.4325710723789
2018-03-07,1074.1204461004702
2018-03-08,895.4019173076284
2018-03-09,615.2383185829991
2018-03-12,794.590665792689
2018-03-13,949.3345018052489
2018-03-14,602.8123463347887
2018-03-15,448.763744662444
2018-03-16,878.1477273609531
2018-03-19,938.1221667104601
2018-03-20,680.1219257935606
2018-03-21,660.183604758725
2018-03-22,906.1144315184134
2018-03-23,798.9938423869778
2018-03-26,794.7547337562218
2018-03-27,680.2093648842854
2018-03-28,742.1091804755741
2018-03-29,379.72024113395366
2018-04-03,789.6578191290471
2018-04-04,525.239261918075
2018-04-05,413.99843086671217
2018-04-06,891.670581540687
2018-04-09,792.9263999190507
2018-04-10,680.7694346239069
2018-04-11,863.059720829366
2018-04-12,763.2400547354297
2018-04-13,537.0017989738034
2018-04-16,976.9176032227331
2018-04-17,849.4113969357425
2018-04-18,755.546191650156
2018-04-19,849.4408311595593
2018-04-20,888.1977152799785
2018-04-23,895.2733277962453
2018-04-24,592.6375775172291
2018-04-25,650.6183873231812
2018-04-26,913.246246179242
2018-04-27,948.6594679986929
2018-04-30,782.4125515320278
2018-05-02,743.7815649623523
2018-05-03,340.8763410675621
2018-05-04,633.9867121633713
2018-05-07,743.2826859934092
2018-05-08,596.2762595147537
2018-05-09,739.7726921891383
2018-05-11,325.12590148883163
2018-05-14,600.5448925117979
2018-05-15,643.648184950654
2018-05-16,748.366831897219
2018-05-17,837.2418808190796
2018-05-18,769.684582784871
2018-05-21,795.8432812678357
2018-05-22,660.3229726199495
2018-05-23,664.9601873529836
2018-05-24,979.088982022348
2018-05-25,384.11093954335985
2018-05-29,762.0099313757818
2018-05-30,1109.413232414996
2018-05-31,566.3632473690529
2018-06-01,984.3316005931202
2018-06-04,647.4214752253229
2018-06-05,794.1599526866685
2018-06-06,836.1656658190609
2018-06-07,585.6243937331311
2018-06-08,705.7211061665283
2018-06-11,1036.1997538091066
2018-06-12,562.3848454267244
2018-06-13,747.3316240834273
2018-06-14,976.2743795983565
2018-06-15,721.5649285241685
2018-06-18,858.59965585703
2018-06-19,822.4924599986016
2018-06-20,857.8609888830483
2018-06-21,476.71364620039543
2018-06-25,646.3471764804951
2018-06-26,383.5859546553869
2018-06-27,691.773886968421
2018-06-28,829.264100981669
2018-06-29,488.38565531646316
2018-07-02,918.6462617436495
2018-07-03,965.8789546468902
2018-07-05,749.6221527919815
2018-07-06,980.1445927503971
2018-07-09,607.9331210605857
2018-07-10,525.5598618952279
2018-07-11,714.8215676103521
2018-07-12,887.352556932867
2018-07-13,1002.9194317395772
2018-07-16,789.3431425859119
2018-07-17,627.4289927539747
2018-07-18,808.8085694731691
2018-07-19,677.6150272850607
2018-07-20,517.6889740452907
2018-07-23,487.7292099392691
2018-07-24,777.4829158307317
2018-07-25,934.1219827829013
2018-07-26,670.3460248391001
2018-07-27,783.0067781792737
2018-07-30,577.647599409783
2018-07-31,792.4995421031655
2018-08-01,526.0592664830352
2018-08-02,320.3392305238983
2018-08-03,514.3055101825242
2018-08-06,820.0871680423475
2018-08-07,842.4641778136603
2018-08-08,897.096677014258
2018-08-09,883.0874123327636
2018-08-10,810.9902506717983
2018-08-13,1041.9233484869585
2018-08-14,855.8323813182114
2018-08-15,859.5738708014917
2018-08-16,612.5264121982918
2018-08-17,610.4510437929598
2018-08-20,606.9317038480768
2018-08-21,620.4701658464824
2018-08-22,659.2787864078296
2018-08-23,940.1164430993106
2018-08-24,821.3821358574543
2018-08-27,764.5558890847888
2018-08-28,952.0979839072302
2018-08-29,620.1680667953918
2018-08-30,896.4130588574375
2018-08-31,662.7330102340337
2018-09-04,518.4116646693245
2018-09-05,757.6171910808139
2018-09-06,728.787846164437
2018-09-07,984.631877326277
2018-09-10,479.5020397834103
2018-09-11,908.4974777622243
2018-09-12,855.2768370223342
2018-09-13,895.0735638815337
2018-09-14,843.2650903710988
2018-09-17,579.6539197816
2018-09-18,1024.8602769753293
2018-09-19,786.0239989099935
2018-09-20,690.880172987394
2018-09-21,248.31339620337417
2018-09-24,677.8735323955973
2018-09-25,481.1913067149341
2018-09-26,782.8304664812084
2018-09-27,591.8484633385339
2018-09-28,931.8784827770091
2018-10-01,963.5265057610625
2018-10-02,631.6269366249
2018-10-03,734.8889248695751
2018-10-04,623.9507128383508
2018-10-05,1025.0569796024972
2018-10-08,581.7598653778756
2018-10-09,968.7548320089722
2018-10-10,729.4860946947806
2018-10-11,920.1232739206857
2018-10-12,897.6767952855904
2018-10-15,1063.236122366368
2018-10-16,321.23762431636936
2018-10-17,1014.1586589045061
2018-10-18,901.3399245370417
2018-10-19,735.1090100037529
2018-10-22,721.3428895690485
2018-10-23,867.7970349730358
2018-10-24,708.0015418621766
2018-10-25,783.3734235166761
2018-10-26,636.4256560463165
2018-10-29,656.158497018153
2018-10-30,643.2191918642375
2018-10-31,884.3562234154875
2018-11-01,722.0333150868532
2018-11-02,757.3383560940295
2018-11-05,741.60594506863
2018-11-06,676.7742875776045
2018-11-07,767.720700238392
2018-11-08,511.3991601012604
2018-11-09,869.2414492908509
2018-11-12,637.9771511453397
2018-11-13,820.5910709584552
2018-11-14,697.1630335320529
2018-11-15,955.6017491749361
2018-11-16,567.7400650445278
2018-11-19,604.076052478095
2018-11-20,734.554208376078
2018-11-21,625.3924279759731
2018-11-23,632.9382017778925
2018-11-26,619.2762352725193
2018-11-27,828.1677136614874
2018-11-28,777.2094811384611
2018-11-29,996.6584736919502
2018-11-30,500.83442037546405
2018-12-03,871.8597841201007
2018-12-04,733.8922704085202
2018-12-07,653.5117290710131
2018-12-10,571.5824173125534
2018-12-11,733.0276384175928
2018-12-12,892.4801061137232
2018-12-13,717.9519192605117
2018-12-14,704.1000126338893
2018-12-17,660.5943090101509
2018-12-18,545.2088243124241
2018-12-19,785.7779221933857
2018-12-20,437.4247489091969
2018-12-21,799.1024078623113
2018-12-27,612.7702448706734
2018-12-28,1079.4401512099491
2019-01-02,791.9228228209475
2019-01-03,645.8893038639284
2019-01-04,450.0355297429032
2019-01-07,691.8101301802112
2019-01-08,902.1515447684739
2019-01-09,837.5589665958496
2019-01-10,802.8593275135534
2019-01-11,665.2722740926533
2019-01-14,340.71715117918666
2019-01-15,736.9333817433129
2019-01-16,660.0557034938611
2019-01-17,436.9179586674524
2019-01-18,428.0538275916234
2019-01-22,676.9383113231274
2019-01-23,718.1130838795392
2019-01-24,573.7884323240227
2019-01-25,842.9750926784253
2019-01-28,915.8322133094665
2019-01-29,1051.0764978899876
2019-01-30,825.7597924065087
2019-01-31,1100.3731066893577
2019-02-01,857.2895689629087
2019-02-04,841.8991208688177
2019-02-05,477.05275604591463
2019-02-06,751.1425922041783
2019-02-07,650.0719964325409
2019-02-08,833.4641609857572
2019-02-11,697.9620471683911
2019-02-12,866.7689101241455
2019-02-13,672.116427932142
2019-02-14,577.3795828286522
2019-02-15,960.6873116105822
2019-02-19,521.6546981140518
2019-02-20,553.4346687035257
2019-02-21,600.6296049865023
2019-02-22,705.3764545762313
2019-02-25,644.5943161154643
2019-02-26,565.6240125465556
2019-02-27,663.5705224033366
2019-02-28,470.58630657623036
2019-03-01,657.7989034504101
2019-03-04,379.22111290352717
2019-03-05,439.13538033969496
2019-03-06,1087.998147267755
2019-03-07,728.3790686963462
2019-03-08,1032.9529736345114
2019-03-11,575.2972284366153
2019-03-12,655.3295186123426
2019-03-13,840.6002195723624
2019-03-14,601.3850915451583
2019-03-15,911.7864775619018
2019-03-18,321.5874246200568
2019-03-19,667.7426361519456
2019-03-20,629.9964914928855
2019-03-21,1251.0417211427916
2019-03-22,405.8400962072562
2019-03-25,674.3750570142191
2019-03-26,320.58592524065756
2019-03-27,848.9251515446743
2019-03-28,620.4077977968013
2019-03-29,640.752456078511
2019-04-01,733.9448770511333
2019-04-02,821.1271293421626
2019-04-03,780.8952483921227
2019-04-04,599.1289679958732
2019-04-05,834.4915454503791
2019-04-08,612.9630356533452
2019-04-09,809.0594002482712
2019-04-10,735.2650910164027
2019-04-11,935.7414786458401
2019-04-12,725.7958952678597
2019-04-15,1149.817330620144
2019-04-16,993.8626672663399
2019-04-17,454.468530394664
2019-04-18,746.7302085247546
2019-04-23,749.1989597356813
2019-04-24,691.3969201175405
2019-04-25,919.7136515101037
2019-04-26,537.1053303295389
2019-04-29,1072.1038094943965
2019-04-30,660.2369028901951
2019-05-02,984.3646944477808
2019-05-03,863.7064089632664
2019-05-06,479.2650031101045
2019-05-07,841.7212945860781
2019-05-08,507.99512877905556
2019-05-09,1344.6847466102865
2019-05-10,697.6688876669173
2019-05-13,852.8530320803959
2019-05-14,965.3405776723822
2019-05-15,469.9995808077288
2019-05-16,732.0751137145463
2019-05-17,900.4477614928445
2019-05-20,1074.3832198734053
2019-05-21,994.2673553810512
2019-05-22,694.753770039634
2019-05-23,870.8262278821821
2019-05-24,701.5509177099402
2019-05-28,658.7403895083385
2019-05-29,690.1210870440339
2019-05-31,720.7922817404207
2019-06-03,379.87009980236564
2019-06-04,629.2585100922186
2019-06-05,653.4158604734781
2019-06-06,782.1538188387087
2019-06-07,593.3056284936683
2019-06-10,606.905311493764
2019-06-11,921.3326624887175
2019-06-12,814.8085493113051
2019-06-13,677.7114866981915
2019-06-14,526.8879982518021
2019-06-17,493.01272294963763
2019-06-18,916.473565905093
2019-06-19,795.6441547567565
2019-06-20,546.2974347512957
2019-06-24,953.3645817633673
2019-06-25,927.0870988813157
2019-06-26,558.2328156824929
2019-06-27,614.4140955861377
2019-06-28,932.7091640205128
2019-07-01,794.5895525073853
2019-07-02,786.6424993215617
2019-07-03,792.843317543966
2019-07-05,843.8141557606712
2019-07-08,672.8149844167993
2019-07-09,351.1213739341147
2019-07-10,984.9331443937327
2019-07-11,1044.4821569106437
2019-07-12,1018.9846830171548
2019-07-15,779.9095165896418
2019-07-16,445.15696554337484
2019-07-17,595.1232392781377
2019-07-18,819.7550792599865
2019-07-19,759.3081359433844
2019-07-22,1058.4667121298248
2019-07-23,982.3851302806315
2019-07-24,887.2648148759598
2019-07-25,701.6139840223897
2019-07-26,1059.794237307967
2019-07-29,708.7871254817346
2019-07-30,604.0852250060634
2019-07-31,742.1819493783405
2019-08-01,713.2596369758585
2019-08-02,849.3149685667317
2019-08-05,672.8208206474977
2019-08-06,820.3768696448979
2019-08-07,758.4031440964659
2019-08-08,681.6346184475467
2019-08-09,743.0544377295812
2019-08-12,791.6334320811038
2019-08-13,644.2463239860933
2019-08-14,745.6216458500683
2019-08-15,620.7107345503507
2019-08-16,764.0848846055189
2019-08-19,875.5379382456491
2019-08-20,477.60104852939605
2019-08-21,380.16270254675146
2019-08-22,924.1502092800546
2019-08-23,815.3568404323519
2019-08-26,1033.7544564200002
2019-08-27,880.3255343163391
2019-08-28,735.8996205928393
2019-08-29,749.6919046453202
2019-08-30,985.0674394113056
2019-09-03,867.0139756192987
2019-09-04,756.050755255168
2019-09-05,864.9475297993786
2019-09-06,425.6377398597776
2019-09-09,812.0279487005736
2019-09-10,1003.8922789839634
2019-09-11,590.7917549076819
2019-09-12,531.2599585037256
2019-09-13,916.7281316019842
2019-09-16,796.1336983404867
2019-09-17,827.1938580487931
2019-09-18,455.7935289862976
2019-09-19,1092.4690636779812
2019-09-20,665.8926115770307
2019-09-23,633.1481632094437
2019-09-24,784.2124876006005
2019-09-25,733.8981638109781
2019-09-26,857.056434070436
2019-09-27,915.4841010877794
2019-09-30,656.2670518585478
2019-10-01,742.9899080369111
2019-10-02,965.4963293485922
2019-10-03,628.0591187532305
2019-10-04,868.1893550850178
2019-10-07,1071.0640177546713
2019-10-08,898.3815426132072
2019-10-09,670.0366543013934
2019-10-10,639.9003340098382
2019-10-11,752.9757313889475
2019-10-14,804.0933404262631
2019-10-15,873.1140239247004
2019-10-16,815.3503817229297
2019-10-17,681.7102712036439
2019-10-18,704.324403205093
2019-10-21,1132.5886899662612
2019-10-22,507.0059957661568
2019-10-23,900.7297084135206
2019-10-24,637.705651679844
2019-10-25,1001.0488251838269
2019-10-28,1139.282418825854
2019-10-29,1570.1887542642871
2019-10-30,1023.9825551608985
2019-10-31,992.6932764344087
2019-11-01,873.9894536045834
2019-11-04,714.9154529316479
2019-11-05,802.8223887114699
2019-11-06,1152.6228550067835
2019-11-07,592.5569062593032
2019-11-08,1032.1295840263142
2019-11-11,534.5519938640592
2019-11-12,1088.98227931867
2019-11-13,673.5066602982154
2019-11-14,844.1342115270135
2019-11-15,756.3874361227244
2019-11-18,996.2748735838633
2019-11-19,937.4324336503528
2019-11-20,751.2603528624091
2019-11-21,721.0301453413695
2019-11-22,950.9628887787862
2019-11-25,876.8967234983965
2019-11-26,642.396819209061
2019-11-27,918.7390641529184
2019-11-29,963.8564741046545
2019-12-02,1029.6481932527543
2019-12-03,787.9787868536725
2019-12-04,834.8642632931119
2019-12-05,1047.8802892289843
2019-12-09,771.2514360084456
2019-12-10,1013.5450892168363
2019-12-11,524.4372469328617
2019-12-12,740.7494523839798
2019-12-13,746.983027035192
2019-12-16,956.6771500920287
2019-12-17,1396.269303660383
2019-12-18,1024.6231621337895
2019-12-19,1014.089280012365
2019-12-20,776.9337049084616
2019-12-23,986.2295263946041
2019-12-27,1174.5921647139428
2019-12-30,1211.260045707623
2020-01-02,723.5202087598374
2020-01-03,1213.1367294480783
2020-01-07,1036.1844298644114
2020-01-08,1017.8474736878659
2020-01-09,644.2035805544147
2020-01-10,1040.428717448354
2020-01-13,1129.6776427379787
2020-01-14,843.0327507442137
2020-01-15,713.905745471313
2020-01-16,811.6016876592483
2020-01-17,485.4155650105322
2020-01-21,890.3256093338199
2020-01-22,780.779069650981
2020-01-23,885.2897136898004
2020-01-24,1038.0917339707264
2020-01-27,765.8366519860551
2020-01-28,1104.670537489533
2020-01-29,869.5463063518649
2020-01-30,788.1854913448822
2020-01-31,655.117494402419
2020-02-03,763.8663774399388
2020-02-04,1508.9621368389019
2020-02-05,998.9196283701367
2020-02-06,697.9761749177817
2020-02-07,1160.171891160075
2020-02-10,1195.0056416294094
2020-02-11,1098.0806865668935
2020-02-12,1080.7128194616798
2020-02-13,1283.4852838790787
2020-02-14,982.5810427092446
2020-02-18,1322.5906077744703
2020-02-19,468.7723630536393
2020-02-20,863.8781834938652
2020-02-21,1361.2118752811216
2020-02-24,956.1765131664024
2020-02-25,844.6116159517927
2020-02-26,1010.2162698422593
2020-02-27,785.5945401786727
2020-02-28,1098.1530627108443
2020-03-02,931.4236895000965
2020-03-03,704.7844099422747
2020-03-04,1102.2432022403036
2020-03-05,1036.6582882958442
2020-03-06,993.873980765654
2020-03-09,1126.568790197029
2020-03-10,923.8455000522671
2020-03-11,591.1103060991045
2020-03-12,674.0099314386466
2020-03-13,866.0988808835244
2020-03-16,872.2613871326129
2020-03-17,769.0829277666919
2020-03-18,856.1625773285755
2020-03-19,566.3235261373972
2020-03-20,680.9073632801953
2020-03-23,586.437870326342
2020-03-24,730.0720833376297
2020-03-25,285.12397939495776
2020-03-26,549.1578553486771
2020-03-27,946.8803713167732
2020-03-30,996.510479490072
2020-03-31,433.8462270615191
2020-04-01,692.9801707993395
2020-04-02,840.7178028632596
2020-04-03,496.0009340743424
2020-04-06,754.5647124569849
2020-04-07,673.2819974477097
2020-04-08,460.0322082946232
2020-04-09,223.5384521235667
2020-04-14,1087.5960167904884
2020-04-15,546.2220578092986
2020-04-16,715.3939669256173
2020-04-17,884.5328683484316
2020-04-20,868.9171027287103
2020-04-21,707.14376364703
2020-04-22,721.9933853020007
2020-04-23,478.91885743695536
2020-04-24,706.1646429263766
2020-04-27,595.4811202445622
2020-04-28,1158.2518970168296
2020-04-29,985.8243865644982
2020-04-30,499.82389597181225
2020-05-04,993.90180213963
2020-05-05,879.3033685884319
2020-05-06,840.6189386782856
2020-05-07,505.16221589911703
2020-05-08,654.8220935961835
2020-05-11,565.8073862881137
2020-05-12,506.80221312172756
2020-05-13,783.2906990954411
2020-05-14,943.2053158590979
2020-05-15,703.5613386456989
2020-05-18,607.5895532631176
2020-05-19,574.2874849699115
2020-05-20,1011.3954121974009
2020-05-22,853.8877835275316
2020-05-26,1135.0179490333876
2020-05-27,739.5183760271028
2020-05-28,382.08025190890726
2020-05-29,1047.4169852105586
2020-06-01,1040.4943740194944
2020-06-02,745.3100055573249
2020-06-03,572.4769996095893
2020-06-04,1229.7803524220853
2020-06-05,803.9127842944754
2020-06-08,1016.2502195222281
2020-06-09,965.2584483495235
2020-06-10,849.5487036686671
2020-06-11,735.1902822028876
2020-06-12,711.9964822104932
2020-06-15,838.4418110112945
2020-06-16,778.2644880453105
2020-06-17,672.600134422088
2020-06-18,571.6015605215986
2020-06-22,925.9483103719016
2020-06-23,909.1065168863616
2020-06-24,756.8965245048591
2020-06-25,532.2313236503187
2020-06-26,892.4437096099348
2020-06-29,764.0243914286857
2020-06-30,806.0419453986551
2020-07-01,574.5536037968645
2020-07-02,809.653646742226
2020-07-06,990.6151633531774
2020-07-07,745.5415717694543
2020-07-08,691.3920371656066
2020-07-09,799.3585005561307
2020-07-10,1086.841971292727
2020-07-13,644.6577725408916
2020-07-14,1138.5715123159034
2020-07-15,596.4176414507414
2020-07-16,775.6152041050927
2020-07-17,859.4913181764025
2020-07-20,888.8789957339035
2020-07-21,642.9807721546797
2020-07-22,899.0454534181679
2020-07-23,633.0370927500547
2020-07-24,711.2206596546202
2020-07-27,982.5268996530467
2020-07-28,945.0255992772688
2020-07-29,848.7670190921997
2020-07-30,913.3756662906808
2020-07-31,918.2606315570192
2020-08-03,718.3401283553753
2020-08-04,573.6063458704728
2020-08-05,727.8279751274918
2020-08-06,967.1401190657714
2020-08-07,550.598188784005
2020-08-10,783.6033257243303
2020-08-11,811.3998657281685
2020-08-12,609.2937635147706
2020-08-13,554.183672373966
2020-08-14,847.7556809282357
2020-08-17,899.0919596627673
2020-08-18,1098.9086770438792
2020-08-19,766.5937485078629
2020-08-20,664.0466650414759
2020-08-21,937.6056999785329
2020-08-24,860.2609874405349
2020-08-25,863.7528219005169
2020-08-26,702.7075151968318
2020-08-27,634.8542455965769
2020-08-28,969.5037875910439
2020-08-31,898.3046822740791
2020-09-01,1152.7923893664138
2020-09-02,503.02182819598215
2020-09-03,1201.7222860941883
2020-09-04,667.4148743083259
2020-09-08,915.5034175112121
2020-09-09,889.8150712182198
2020-09-10,1024.7315729353618
2020-09-11,851.3560403712289
2020-09-14,866.8996037452058
2020-09-15,816.1643607381703
2020-09-16,959.265597221307
2020-09-17,476.4642110332566
2020-09-18,479.2041240344389
2020-09-21,720.4904902177431
2020-09-22,967.4523191548694
2020-09-23,855.6831892154156
2020-09-24,1388.287489523885
2020-09-25,855.5458079124028
2020-09-28,801.8362924803037
2020-09-29,833.71078530964
2020-09-30,1074.3056960471663
2020-10-01,196.60387793715321
2020-10-02,790.0139583198936
2020-10-05,1079.5296541938574
2020-10-06,958.1537997553144
2020-10-07,726.705643244483
2020-10-08,687.4298852678312
2020-10-09,847.2156527817998
2020-10-12,662.5998689609906
2020-10-13,1127.7864704287535
2020-10-14,1258.7048174345957
2020-10-15,868.3873189808558
2020-10-16,621.3281554828845
2020-10-19,776.0681375241071
2020-10-20,925.0783565119411
2020-10-21,921.2338722420626
2020-10-22,631.1575347366194
2020-10-23,457.55171314630627
2020-10-26,785.7853838744088
2020-10-27,1016.3864753938047
2020-10-28,334.1498087985198
2020-10-29,828.8899008761762
2020-10-30,979.1131084092095
2020-11-02,1360.7431324679294
2020-11-03,1040.1774803819585
2020-11-04,1134.4546296226774
2020-11-05,896.4837272085332
2020-11-06,683.5476066219201
2020-11-09,839.3625328547721
2020-11-10,1179.6839762127654
2020-11-11,1501.2128798324131
2020-11-12,877.218207810951
2020-11-13,688.8119146651359
2020-11-16,1137.4125943098036
2020-11-17,1109.0090079848462
2020-11-18,1367.0183241964387
2020-11-19,956.3737315425858
2020-11-20,629.6383736362488
2020-11-23,1127.477769247424
2020-11-24,692.1503284835409
2020-11-25,1109.2208759900695
2020-11-27,753.5533374315637
2020-11-30,1641.5877862917034
2020-12-01,663.1487305518605
2020-12-02,1122.260925605704
2020-12-03,1301.9871196007032
2020-12-04,1384.0429313466475
2020-12-07,1193.8825407145528
2020-12-08,1010.0165521078499
2020-12-09,1383.234535996884
2020-12-10,1016.6370370936039
2020-12-11,915.1036157979455
2020-12-14,560.2635478846693
2020-12-15,567.8723230280592
2020-12-16,890.7599355895708
2020-12-17,593.6768574006861
2020-12-18,1157.9109723606457
2020-12-21,792.5832588859861
2020-12-22,922.6721669779016
2020-12-23,651.6418204712033
2020-12-28,1038.7944247466685
2020-12-29,945.0416082021919
2020-12-30,1114.0465780515333
2021-01-04,1030.6350932340274
2021-01-05,1104.9820477669632
2021-01-07,1166.1110287696793
2021-01-08,719.1071167906356
2021-01-11,781.1040829459888
2021-01-12,1204.6535108902704
2021-01-13,697.2023772000317
2021-01-14,1131.5674384322565
2021-01-15,577.0387691774856
2021-01-19,590.7509912645253
2021-01-20,825.152610966133
2021-01-21,1001.1529805259529
2021-01-22,389.1792541002353
2021-01-25,680.5835694699755
2021-01-26,1096.6608566269945
2021-01-27,921.3559779164007
2021-01-28,1364.1175850916804
2021-01-29,1564.1844741105815
2021-02-01,808.8728428710182
2021-02-02,1238.0432774539156
2021-02-03,1159.2646364477027
2021-02-04,922.0349188775693
2021-02-05,974.0562379452671
2021-02-08,939.4898879055542
2021-02-09,811.2875457298434
2021-02-10,890.7432058710214
2021-02-11,958.9114867002168
2021-02-12,1081.46839767235
2021-02-16,1061.7060242848493
2021-02-17,852.9934950330505
2021-02-18,941.3071568102649
2021-02-19,1001.6433118366912
2021-02-22,987.8524443607456
2021-02-23,939.531549232007
2021-02-24,1400.2974936871847
2021-02-25,1109.0968395978048
2021-02-26,1295.5953001090236
2021-03-01,809.1957968279777
2021-03-02,896.6760913765798
2021-03-03,1089.0939658076354
2021-03-04,1376.4100780244084
2021-03-05,845.9886431145578
2021-03-08,891.1137268250748
2021-03-09,1156.0565253854902
2021-03-10,1055.2421166407157
2021-03-11,1099.439291720538
2021-03-12,838.7692376432993
2021-03-15,1495.0924507676568
2021-03-16,492.4748109873332
2021-03-17,1137.4143096151392
2021-03-18,683.5059056989905
2021-03-19,1280.7609266540985
2021-03-22,1054.9842660165825
2021-03-23,1199.244240353773
2021-03-24,1091.2031430452805
2021-03-25,1359.2475300409499
2021-03-26,1372.9349580323656
2021-03-29,1616.214259474372
2021-03-30,790.9973617777891
2021-03-31,532.4891960805192
2021-04-01,1032.9551402284665
2021-04-06,1216.543484669041
2021-04-07,1091.1185244970657
2021-04-08,1416.2858694481833
2021-04-09,1076.7071767200955
2021-04-12,1247.5289482915396
2021-04-13,1204.9022752786177
2021-04-14,1212.738390408343
2021-04-15,1279.0163760781609
2021-04-16,1159.4880563831193
2021-04-19,1543.7895045343198
2021-04-20,1219.6806627735243
2021-04-21,1620.51962646097
2021-04-22,1884.826495035723
2021-04-23,1341.9860724070138
2021-04-26,1322.8279374467088
2021-04-27,877.8116841335774
2021-04-28,828.3016269836645
2021-04-29,1190.669212650519
2021-04-30,1295.6535956566017
2021-05-03,1120.3786330606292
2021-05-04,1607.7984000317447
2021-05-05,1240.807583224889
2021-05-06,922.9667508455772
2021-05-07,1157.9137872024774
2021-05-10,1633.5337576055338
2021-05-11,1658.4757721927285
2021-05-12,1663.5592323910148
2021-05-14,1244.4366277638896
2021-05-17,1251.321341586654
2021-05-18,1357.9120950948966
2021-05-19,1097.1934452932412
2021-05-20,1115.8915084354767
2021-05-21,959.5368222382305
2021-05-24,1513.4693670332065
2021-05-25,1294.5104453495908
2021-05-26,1157.6712747330248
2021-05-27,1291.798884899328
2021-05-28,663.0981855229287
2021-06-01,1368.1757946560508
2021-06-02,1688.3457157142645
2021-06-03,1353.9402613779453
2021-06-04,1373.4735013063225
2021-06-07,1390.8937967121324
2021-06-08,912.9889254470808
2021-06-09,1232.121521731412
2021-06-10,1406.6361868034276
2021-06-11,894.7263919057837
2021-06-14,787.9171824926509
2021-06-15,1231.3224451966212
2021-06-16,1470.4726044140798
2021-06-17,1604.229174894355
2021-06-18,1483.1514599829363
2021-06-21,1094.8383517565942
2021-06-22,1554.5552672493916
2021-06-23,2015.6722135919974
2021-06-24,932.9475605704905
2021-06-28,1112.1898708480724
2021-06-29,847.2688750820287
2021-06-30,1645.4625642288427
2021-07-01,1869.9729375740992
2021-07-02,1382.3883773087455
2021-07-06,942.6211473648908
2021-07-07,1182.2955240478384
2021-07-08,1410.7625598702625
2021-07-09,1888.2021760520506
2021-07-12,1258.1677863995071
2021-07-13,1236.7347880645111
2021-07-14,1948.6855974677842
2021-07-15,1468.0144615912288
2021-07-16,1311.4472915636698
2021-07-19,1798.0040024242364
2021-07-20,1219.5354468332912
2021-07-21,1708.2268366943629
2021-07-22,1485.9317440622995
2021-07-23,1281.3886193192534
2021-07-26,1441.7062946711274
2021-07-27,1622.3943320856542
2021-07-28,1225.6416985043284
2021-07-29,1830.7029310174983
2021-07-30,1915.7562727403752
2021-08-02,1283.6807595672806
2021-08-03,2080.7668445417044
2021-08-04,1725.7084931671716
2021-08-05,1306.9699682208034
2021-08-06,1115.610101606725
2021-08-09,1067.9816511159197
2021-08-10,2212.8011062307605
2021-08-11,1500.7350638608139
2021-08-12,1639.6577002742042
2021-08-13,1546.3435688972609
2021-08-16,1702.1005744597403
2021-08-17,1358.3884390226556
2021-08-18,1135.8838819944656
2021-08-19,1702.254873516553
2021-08-20,596.3349965394439
2021-08-23,1137.1030339780657
2021-08-24,1259.1160590720617
2021-08-25,1666.1352363617234
2021-08-26,1869.8846255726617
2021-08-27,1803.519996585452
2021-08-30,1249.0258230602255
2021-08-31,1556.5446712809714
2021-09-01,2155.9429861910407
2021-09-02,1624.5516931276834
2021-09-03,1592.0864014893052
2021-09-07,966.5386173017083
2021-09-08,1025.8008136525607
2021-09-09,1440.3704141308542
2021-09-10,1859.0647345970694
2021-09-13,1450.100890222624
2021-09-14,1022.8659260653403
2021-09-15,1081.8144472623087
2021-09-16,1567.7197808019487
2021-09-17,1093.3596933515657
2021-09-20,1031.723202153504
2021-09-21,1408.649067430688
2021-09-22,1343.0052939699053
2021-09-23,1060.7550222254886
2021-09-24,1180.5065573945938
2021-09-27,1268.3043254924978
2021-09-28,1790.3421429217346
2021-09-29,1173.4813588148813
2021-09-30,1538.0120932615623
2021-10-01,1407.0459770715615
2021-10-04,1653.7155487926684
2021-10-05,610.6182140165431
2021-10-06,1427.2572375010966
2021-10-07,1233.8791410672081
2021-10-08,1711.0894448873078
2021-10-11,1475.433818615447
2021-10-12,933.2096734764029
2021-10-13,2136.712097259588
2021-10-14,1882.6888830824628
2021-10-15,1901.663777101002
2021-10-18,1643.5561638546533
2021-10-19,1726.8367910482823
2021-10-20,2122.5281681915694
2021-10-21,1950.0548467110093
2021-10-22,1241.2480670709149
2021-10-25,1464.20055822824
2021-10-26,1307.6103866743688
2021-10-27,2025.168071450432
2021-10-28,1685.24555837083
2021-10-29,1822.6212031798761
2021-11-01,1610.3480326658075
2021-11-02,1173.2134338634776
2021-11-03,1434.8228327041047
2021-11-04,2188.3016894703815
2021-11-05,1524.6121408467986
2021-11-08,1144.6162391851174
2021-11-09,988.9757115164041
2021-11-10,1025.095790632036
2021-11-11,1830.771919052447
2021-11-12,1352.7536950962583
2021-11-15,1313.0942438456061
2021-11-16,980.1727075205714
2021-11-17,1249.5299826550365
2021-11-18,1324.0284924219536
2021-11-19,1696.4468758606556
2021-11-22,1307.8991490489057
2021-11-23,1583.698437753016
2021-11-24,1893.0363574536968
2021-11-26,1988.048641842159
2021-11-29,1258.101083187433
2021-11-30,1658.055176367404
2021-12-01,1229.209503491502
2021-12-02,1760.1444198094205
2021-12-03,997.353610997347
2021-12-07,1290.9121257340937
2021-12-08,1794.6789688477215
2021-12-09,1784.0391787385468
2021-12-10,1205.7467416775366
2021-12-13,936.991891689613
2021-12-14,1114.550125678716
2021-12-15,1468.091131884504
2021-12-16,1999.8920114056066
2021-12-17,2254.34418962769
2021-12-20,1302.9276298505372
2021-12-21,1053.536290817044
2021-12-22,1115.2077986252777
2021-12-23,1695.5804435190219
2021-12-27,2076.025018980444
2021-12-28,1209.8736883374875
2021-12-29,1440.055257004795
2021-12-30,1051.2421614814834
2022-01-03,1443.1249040312211
2022-01-04,1059.996951279391
2022-01-05,1517.207312900458
2022-01-07,1603.8725016143014
2022-01-10,1746.6677571100763
2022-01-11,956.9706916095953
2022-01-12,857.1311524731686
2022-01-13,856.2939644801829
2022-01-14,1920.2990691959528
2022-01-18,1738.7572336200676
2022-01-19,1852.8511339684892
2022-01-20,2110.888103128773
2022-01-21,1615.6503794828793
2022-01-24,1169.5673387470597
2022-01-25,1674.1912803355233
2022-01-26,1403.6612634607093
2022-01-27,1969.550413333565
2022-01-28,991.0479871872604
2022-01-31,1177.7200903497098
2022-02-01,462.58582011861057
2022-02-02,1667.9186481582567
2022-02-03,1166.8513288644485
2022-02-04,1408.213898004317
2022-02-07,1420.470473148599
2022-02-08,1191.754148754609
2022-02-09,1950.590778055455
2022-02-10,1839.1556419520275
2022-02-11,1278.3517646484565
2022-02-14,1901.3210987976543
2022-02-15,1768.6041909536132
2022-02-16,1065.315398745765
2022-02-17,833.5457248813595
2022-02-18,1187.9201781164345
2022-02-22,1109.975507781316
2022-02-23,1008.934367857873
2022-02-24,1403.0695912668648
2022-02-25,1130.8732347021405
2022-02-28,1600.1323622135503
2022-03-01,1872.3396274018885
2022-03-02,1277.2460736929356
2022-03-03,1084.3925543191297
2022-03-04,1271.9697122309665
2022-03-07,1028.1925266935004
2022-03-08,976.1432909530869
2022-03-09,841.8772837565367
2022-03-10,1197.984326142343
2022-03-11,1234.6252195366483
2022-03-14,1361.9994707867172
2022-03-15,1417.1686752748492
2022-03-16,1307.743409369396
2022-03-17,1482.9333396899924
2022-03-18,1693.8525068236893
2022-03-21,615.4580488343108
2022-03-22,1258.0865309161895
2022-03-23,1267.5886282414583
2022-03-24,1317.56054301027
2022-03-25,1329.9837198306557
2022-03-28,1576.608772057694
2022-03-29,1001.8824569520704
2022-03-30,1184.007566383583
2022-03-31,1431.3440351407046
2022-04-01,1937.6298561916033
2022-04-04,1482.9991228370525
2022-04-05,1493.0096766968836
2022-04-06,1339.3961778837768
2022-04-07,943.5287850641238
2022-04-08,1216.6537824295974
2022-04-11,1177.7620872229293
2022-04-12,1159.352775063784
2022-04-13,1524.6966043832276
2022-04-14,851.0894841102078
2022-04-19,731.0692876811262
2022-04-20,531.9228251740901
2022-04-21,1288.2291194752038
2022-04-22,1189.2322642957852
2022-04-25,1344.2965396588459
2022-04-26,1324.1798429360413
2022-04-27,1009.5997165091222
2022-04-28,1418.8729482497656
2022-04-29,1318.5333081124618
2022-05-02,1205.218556127967
2022-05-03,1308.459496605966
2022-05-04,1430.5416829428889
2022-05-05,921.892828840877
2022-05-06,1323.3618899040393
2022-05-09,1323.8224455876866
2022-05-10,533.4034966551241
2022-05-11,1454.868460730383
2022-05-12,840.9351616077599
2022-05-13,1778.728479002867
2022-05-16,1215.62217479364
2022-05-17,1411.4911756492195
2022-05-18,1175.910117753834
2022-05-19,1142.5754567937138
2022-05-20,1197.0229172419479
2022-05-23,1131.2313136652056
2022-05-24,1034.5951732849978
2022-05-25,1051.2338282560613
2022-05-27,823.0457869123613
2022-05-31,1619.2473829696216
2022-06-01,931.6459625700116
2022-06-02,1519.1374724965285
2022-06-03,1423.9442727479848
2022-06-06,493.86323622922276
2022-06-07,1447.6987534798427
2022-06-08,562.499453207783
2022-06-09,1839.5851281954106
2022-06-10,1377.7334224688775
2022-06-13,1176.5965067275172
2022-06-14,1445.2393682164445
2022-06-15,1627.0947917810458
2022-06-16,506.81421554633846
2022-06-17,787.9211041681198
2022-06-21,752.5250402520385
2022-06-22,1826.853013317424
2022-06-23,1296.0064818955855
2022-06-27,1286.008765787632
2022-06-28,1061.1824074304784
2022-06-29,1087.5519146624058
2022-06-30,1383.1590365687787
2022-07-01,866.0188072469538
2022-07-05,913.2776537965099
2022-07-06,957.4676246547293
2022-07-07,902.2230047017123
2022-07-08,1097.2505071580954
2022-07-11,1250.9723954076414
2022-07-12,1129.5384626918544
2022-07-13,969.2563270042104
2022-07-14,1660.7134093638385
2022-07-15,1567.5972443880494
2022-07-18,930.9411287322724
2022-07-19,1118.0953393343739
2022-07-20,1444.6546898621561
2022-07-21,1256.0796698243537
2022-07-22,1189.9332089756533
2022-07-25,1099.744072546582
2022-07-26,1498.8394157157065
2022-07-27,1773.8927454826419
2022-07-28,1131.2525037401413
2022-07-29,921.077484701967
2022-08-01,1229.4879811575472
2022-08-02,1782.6614760211671
2022-08-03,996.2487533440569
2022-08-04,679.3190991272382
2022-08-05,1042.8285310022113
2022-08-08,843.6141280095726
2022-08-09,2058.783061529982
2022-08-10,1698.1267556081687
2022-08-11,1548.5605538578727
2022-08-12,609.9919820112067
2022-08-15,1379.295851076377
2022-08-16,1158.8614995806213
2022-08-17,1407.3468462698659
2022-08-18,1218.3839641417453
2022-08-19,937.5087920886795
2022-08-22,1294.1127943772597
2022-08-23,1094.7681787767988
2022-08-24,1301.0177912784186
2022-08-25,1714.3472316929933
2022-08-26,1419.2561487663377
2022-08-29,1257.5409250855387
2022-08-30,902.5909418040454
2022-08-31,1497.9994680170462
2022-09-01,903.5809831264611
2022-09-02,927.5883681945907
2022-09-06,1208.3024700532478
2022-09-07,1316.3919920385367
2022-09-08,1111.4457445556727
2022-09-09,1527.3130401554595
2022-09-12,1279.312652090515
2022-09-13,935.470126182585
2022-09-14,1135.9129256226477
2022-09-15,1050.5513406530722
2022-09-16,1419.666956568873
2022-09-19,1809.384184451926
2022-09-20,1430.771473341228
2022-09-21,1028.6682646991658
2022-09-22,797.5221010160659
2022-09-23,1252.901416512193
2022-09-26,936.9333097982778
2022-09-27,1238.37523480271
2022-09-28,1064.7234400733214
2022-09-29,1050.1180691970385
2022-09-30,1182.0896861812475
2022-10-03,1038.5432960145415
2022-10-04,1115.5793866014876
2022-10-05,1279.230642534097
2022-10-06,1413.8861549279868
2022-10-07,1309.999681756437
2022-10-10,1005.2597989695752
2022-10-11,1207.6558225880322
2022-10-12,1104.064849807175
2022-10-13,458.5666576307748
2022-10-14,1107.389323295074
2022-10-17,1171.2018258947028
2022-10-18,1364.7897314949494
2022-10-19,1184.2559269245492
2022-10-20,935.208499285282
2022-10-21,593.4439991397492
2022-10-24,956.530167473096
2022-10-25,1367.4799856148418
2022-10-26,1748.3249313085114
2022-10-27,587.3423782655373
2022-10-28,1414.2670414903587
2022-10-31,1391.742529403192
2022-11-01,1228.3326944167854
2022-11-02,654.8956171072955
2022-11-03,1259.6937117125406
2022-11-04,1524.8259970291588
2022-11-07,896.7217401680024
2022-11-08,893.7429165626342
2022-11-09,1328.0622144674783
2022-11-10,962.8812243447293
2022-11-11,1824.5709819268532
2022-11-14,853.9992383768898
2022-11-15,1143.2415552946866
2022-11-16,1527.4053213782045
2022-11-17,1238.1780807594369
2022-11-18,1407.2968011856779
2022-11-21,1245.2251358091933
2022-11-22,1386.1116498833958
2022-11-23,1192.311247082866
2022-11-25,704.13561117427
2022-11-28,1198.4738318034827
2022-11-29,1715.5278252787368
2022-11-30,1103.6076684488226
2022-12-01,945.7991934300397
2022-12-02,465.6312833633895
2022-12-05,1305.0237981192563
2022-12-07,1433.6379726847529
2022-12-08,1245.882343460774
2022-12-09,1308.6646498096613
2022-12-12,1136.445394535374
2022-12-13,1248.1945800141168
2022-12-14,1360.740665329566
2022-12-15,1093.601064948692
2022-12-16,726.4813120566287
2022-12-19,563.3770752930928
2022-12-20,1184.689596456674
2022-12-21,816.3563936212806
2022-12-22,1322.6721064846345
2022-12-23,1505.228070218144
2022-12-27,940.9347282015113
2022-12-28,1344.0570869638855
2022-12-29,908.6646465358253
2022-12-30,467.76594427066806
