date,daily_return
2015-01-02,0.0
2015-01-05,-0.012832315793613658
2015-01-07,0.010025431286147635
2015-01-08,-0.003103074798014749
2015-01-09,-0.005650770666570382
2015-01-12,0.0059695610956793654
2015-01-13,0.014428941224896352
2015-01-14,-0.019029095939542495
2015-01-15,0.008404085594609922
2015-01-16,0.014347269409523022
2015-01-20,0.019542062658306714
2015-01-21,0.009462229886085138
2015-01-22,0.01148796205832503
2015-01-23,0.03194121385915305
2015-01-26,-0.00851681367613677
2015-01-27,-0.013432731773406759
2015-01-28,0.004875673170498862
2015-01-29,-0.00019351108001530726
2015-01-30,0.006559756418953233
2015-02-02,-0.003752137730537064
2015-02-03,0.005417448478460596
2015-02-04,0.002040059020456564
2015-02-05,0.025759902225109377
2015-02-06,0.000367023890530227
2015-02-09,0.01914941489865085
2015-02-10,0.0007050202064184941
2015-02-11,-0.0056139125224808906
2015-02-12,-0.004068408956617975
2015-02-13,0.006661500651489183
2015-02-17,0.027483651478894755
2015-02-18,0.012449991684229111
2015-02-19,-0.0015086418819846292
2015-02-20,-0.004276650555163242
2015-02-23,0.0028116110183098453
2015-02-24,0.006187676362304773
2015-02-25,0.003190075154147598
2015-02-26,0.006348292167692726
2015-02-27,-0.004492648306665625
2015-03-02,-0.00665927801314159
2015-03-03,-0.003764221341520213
2015-03-04,0.007307344735447918
2015-03-05,-0.00018682690629012733
2015-03-06,0.010991402514328508
2015-03-09,-0.0035636656984628923
2015-03-10,-0.009330856057263803
2015-03-11,0.016152906203605433
2015-03-12,-0.003918775778426586
2015-03-13,-0.007630825307288314
2015-03-16,-0.006801563153660761
2015-03-17,0.009779632086231782
2015-03-18,-0.0007943336470228601
2015-03-19,0.008822273135518754
2015-03-20,0.00015176309981557168
2015-03-23,0.0015707973764906846
2015-03-24,0.001292474763151752
2015-03-25,-0.007750019123701657
2015-03-26,-0.014197713242421361
2015-03-27,0.0019773486454413014
2015-03-30,0.011303096966559512
2015-03-31,-0.010094349646741274
2015-04-01,0.0004855492795230454
2015-04-02,-0.0002397624647133556
2015-04-07,0.01135757110081026
2015-04-08,0.012904461356048502
2015-04-09,0.011687122936267835
2015-04-10,0.010695100312667405
2015-04-13,0.015814676187342336
2015-04-14,-0.0006917895695692788
2015-04-15,-0.01137401972018326
2015-04-16,0.0068992981782398655
2015-04-17,-0.012482559370076696
2015-04-20,0.0018938229841773957
2015-04-21,0.01955678706925368
2015-04-22,-0.01091142346507612
2015-04-23,-0.002955840121858011
2015-04-24,0.0034883169187944763
2015-04-27,-0.0017644232126983184
2015-04-28,0.000921588012911867
2015-04-29,-0.003035913938868262
2015-04-30,-0.0015570278727451425
2015-05-04,0.007245055482926199
2015-05-05,-0.017733292578474114
2015-05-06,-0.0034007653536594074
2015-05-07,0.008211784311501935
2015-05-08,0.026483286039147735
2015-05-11,-0.0037562516784425126
2015-05-12,-0.022396100311336764
2015-05-13,0.010534975634282517
2015-05-15,-0.004097411719938493
2015-05-18,-0.007876602188768289
2015-05-19,0.015427989385015106
2015-05-20,0.007190629859745057
2015-05-21,0.004316163534471507
2015-05-22,0.0058912754727245
2015-05-26,0.019020012551347998
2015-05-27,0.014948229422359516
2015-05-28,-0.017501472804622553
2015-05-29,-0.008018351822738246
2015-06-01,0.0010896176002339608
2015-06-02,0.0017859445201942048
2015-06-03,-0.0017527320596002482
2015-06-04,-0.006958260540116057
2015-06-05,-0.011466403813260695
2015-06-08,-0.005623040457671702
2015-06-09,-0.0006062174894536643
2015-06-10,0.006354805220642357
2015-06-11,0.002636579122684335
2015-06-12,-0.011898325845160596
2015-06-15,-0.016212561229527744
2015-06-16,0.014508162653471102
2015-06-17,-0.011114329366877285
2015-06-18,0.0007230302259413346
2015-06-22,0.030176179674964
2015-06-23,0.008183466891010127
2015-06-24,0.0031156419862947704
2015-06-25,0.008092492528350315
2015-06-26,0.0005780639310428715
2015-06-29,-0.022122079719325338
2015-06-30,-0.010269533604530645
2015-07-01,0.003125083637405046
2015-07-02,0.012057022579226029
2015-07-06,-0.013955640428877647
2015-07-07,-0.01749740468324923
2015-07-08,0.003558647967591977
2015-07-09,0.03093703045798435
2015-07-10,0.022946904964963988
2015-07-13,0.015288958925125717
2015-07-14,0.00746971742565572
2015-07-15,0.0025127665114499376
2015-07-16,-0.004094987481215173
2015-07-17,0.004125170511836362
2015-07-20,0.005501907984578613
2015-07-21,-0.009476026045705077
2015-07-22,-0.004157682966998144
2015-07-23,-0.003637137891672082
2015-07-24,-0.00560787941547114
2015-07-27,-0.011640867780544295
2015-07-28,-0.00875980311547453
2015-07-29,0.003855956711934727
2015-07-30,-0.0011673073641134124
2015-07-31,0.0064906597343128425
2015-08-03,0.012633306934208166
2015-08-04,0.0226837655947425
2015-08-05,0.0028368533731539802
2015-08-06,0.02972112588851683
2015-08-07,0.007832161196243526
2015-08-10,0.025075488633794274
2015-08-11,-0.011581680236695813
2015-08-12,-0.026544115929950984
2015-08-13,0.011220379532889124
2015-08-14,-0.004745042037916369
2015-08-17,0.0013626473262997596
2015-08-18,-0.005905298417573923
2015-08-19,-0.014017607988113356
2015-08-20,-0.019325299984083166
2015-08-21,-0.02247276643481777
2015-08-24,-0.05135754876469956
2015-08-25,0.03783896099168982
2015-08-26,-0.005816699729428665
2015-08-27,0.02520829273581282
2015-08-28,0.0008653322952787423
2015-08-31,-0.006291302680923483
2015-09-01,-0.014152279962142855
2015-09-02,0.011935441506605304
2015-09-03,0.04209255233288478
2015-09-04,-0.012286374693300073
2015-09-08,0.02974845906595469
2015-09-09,0.00589435817239603
2015-09-10,-0.014270275918002562
2015-09-11,-0.0020428827716475473
2015-09-14,-0.0072386832277773205
2015-09-15,0.0015535517229543494
2015-09-16,-0.0008056854278548631
2015-09-17,0.000826610038908937
2015-09-18,-0.01786010365111157
2015-09-21,0.008680276149228616
2015-09-22,-0.03919739928182875
2015-09-23,-0.0030711492315207423
2015-09-24,-0.01792870046842754
2015-09-25,0.016752998885842585
2015-09-28,-0.01773345492349654
2015-09-29,-0.0035102952809500376
2015-09-30,0.009158009245134213
2015-10-01,0.004514859825721196
2015-10-02,-0.00047404206971635166
2015-10-05,0.03434724583718474
2015-10-06,0.014116787604597114
2015-10-07,-0.006507401840515237
2015-10-08,0.00021786225403763737
2015-10-09,0.003639492826657209
2015-10-12,-0.00669247741115464
2015-10-13,0.0011810362804502983
2015-10-14,-0.001606369041007416
2015-10-15,0.00467913882154658
2015-10-16,0.005063237610080318
2015-10-19,0.0015961435858502515
2015-10-20,0.00514624060536506
2015-10-21,0.0006050793846166247
2015-10-22,0.012369759244352352
2015-10-23,-0.004351554063498186
2015-10-26,-0.004249033199689833
2015-10-27,-0.011147216329890464
2015-10-28,0.001916357174015726
2015-10-29,-0.016599034887158415
2015-10-30,-0.0014444933085762113
2015-11-02,0.016174596175291267
2015-11-03,0.006217204174639557
2015-11-04,0.005739101226090337
2015-11-05,-0.002679802113189078
2015-11-06,0.009457487271502307
2015-11-09,0.0028324460145563446
2015-11-10,0.007793339327009541
2015-11-11,0.0068828492054395785
2015-11-12,0.0025099818828286935
2015-11-13,-0.005191832875853231
2015-11-16,-0.0022908314666297835
2015-11-17,0.007678351632016245
2015-11-18,0.0035630862011790665
2015-11-19,-0.004298152402718913
2015-11-20,-0.003984925902511094
2015-11-23,0.0021831089148587335
2015-11-24,-0.012935526586941637
2015-11-25,0.006192821698590478
2015-11-27,0.01028296061968259
2015-11-30,0.0021918601952743977
2015-12-01,0.003320186163466854
2015-12-02,-0.0009115816182820868
2015-12-03,-0.011899050774786923
2015-12-04,-0.0022108066015533723
2015-12-07,0.0030239770717155334
2015-12-08,-0.005126432772113887
2015-12-09,-0.007653530382863538
2015-12-10,0.005627273398357557
2015-12-11,-0.01381792843601648
2015-12-14,-0.012152101955993255
2015-12-15,0.0069627013061059895
2015-12-16,0.0077912967111009035
2015-12-17,0.0012179074304816684
2015-12-18,0.0008931411776393894
2015-12-21,-0.00817707936034251
2015-12-22,-0.012024370901965287
2015-12-23,0.007545590263850377
2015-12-28,0.011026100350078893
2015-12-29,0.0037227435778193207
2015-12-30,-0.002262111446541981
2016-01-04,-0.0006103634202099251
2016-01-05,-0.014498356654943478
2016-01-07,-0.004876091938400662
2016-01-08,-0.01329939657675383
2016-01-11,-0.004809430845482798
2016-01-12,0.008033683889579368
2016-01-13,0.0009915321228890495
2016-01-14,-0.020190061118989466
2016-01-15,-0.024914942225121806
2016-01-19,0.008575831110161358
2016-01-20,-0.02983383986688304
2016-01-21,0.009795878847836503
2016-01-22,0.016478678245454903
2016-01-25,0.006451051843050948
2016-01-26,0.005854097219501586
2016-01-27,-0.0028956972467656383
2016-01-28,-0.0037502664087958326
2016-01-29,0.009765724677901266
2016-02-01,0.0033786653039988845
2016-02-02,-0.010086086705898945
2016-02-03,-0.01791258224249903
2016-02-04,0.004991353766416795
2016-02-05,0.004944102624415914
2016-02-08,-0.028770252616681313
2016-02-09,-0.025913828553932095
2016-02-10,0.005405084802176718
2016-02-11,-0.025057855182771815
2016-02-12,0.02130161627731675
2016-02-16,0.022270167955538822
2016-02-17,0.032536909425977534
2016-02-18,-0.008033594183404769
2016-02-19,-0.015121209738545804
2016-02-22,0.02163610381886172
2016-02-23,-0.010463213837532237
2016-02-24,-0.01753462924403726
2016-02-25,0.01824048591239169
2016-02-26,0.012813728907186794
2016-02-29,0.0025565016251476447
2016-03-01,0.012750120994544423
2016-03-02,0.002106087564438308
2016-03-03,0.018566959275049477
2016-03-04,0.001767021546835279
2016-03-07,-0.010622680580933519
2016-03-08,-0.004538942453170436
2016-03-09,0.0163069491287835
2016-03-10,-0.01066736330235818
2016-03-11,0.011694997450690137
2016-03-14,-0.001921068636691281
2016-03-15,-0.0008675487663662995
2016-03-16,-0.0013260321501035177
2016-03-17,0.003860235368769782
2016-03-18,0.00013713716307051094
2016-03-21,-0.004098547291984778
2016-03-22,0.0008910772991836957
2016-03-23,0.0006576470694421577
2016-03-24,0.03164276928504317
2016-03-29,-0.0028275412399966227
2016-03-30,0.0037695773811166067
2016-03-31,-0.006667984998084964
2016-04-01,-0.0028986879386669884
2016-04-04,-0.00018794084567697045
2016-04-05,-0.0070254667877840404
2016-04-06,-0.0013893268872817721
2016-04-07,-0.005839360046793307
2016-04-08,0.023543975961396013
2016-04-11,0.002099183636967261
2016-04-12,-0.0010985644041917597
2016-04-13,0.0008793930628665514
2016-04-14,-0.004028779455038767
2016-04-15,0.002866560166916443
2016-04-18,0.00141351550883706
2016-04-19,0.00557071570332579
2016-04-20,0.002325230358673158
2016-04-21,-0.008482397549868126
2016-04-22,-0.0009716191123491091
2016-04-25,-0.01320342964103527
2016-04-26,0.009402770797112714
2016-04-27,-0.012109578602970683
2016-04-28,0.01662854586227236
2016-04-29,-0.00782859258023405
2016-05-02,-0.004339119935462987
2016-05-03,-0.004340978621500735
2016-05-04,-0.005872142072762432
2016-05-06,-0.0029570259199439564
2016-05-09,0.006459512373496734
2016-05-10,0.0014282488746835131
2016-05-11,0.003933871291949442
2016-05-12,-0.010913167329999252
2016-05-13,-0.006022444192478327
2016-05-16,-0.0013132543691306564
2016-05-17,-0.0011668240348111647
2016-05-18,0.004568131157835831
2016-05-19,-0.005245693794079687
2016-05-20,0.012280229404926457
2016-05-23,-0.009043497778348786
2016-05-24,0.006170388949063632
2016-05-25,0.0061111085543121835
2016-05-26,0.009350533111330162
2016-05-27,-0.0007934242862307483
2016-05-31,-0.006186559596704222
2016-06-01,-0.004954016838228936
2016-06-02,0.002064187494830616
2016-06-03,-0.003398628766747902
2016-06-06,0.008224272989416193
2016-06-07,0.012596730036878112
2016-06-08,0.0024063674817955683
2016-06-09,-0.01343005693880639
2016-06-10,-0.01013295252009272
2016-06-13,-0.013570225834061977
2016-06-14,-0.01456388516049012
2016-06-15,0.004290066839940598
2016-06-16,-0.023119746763202276
2016-06-17,0.025720009220480344
2016-06-20,0.0190887298692739
2016-06-21,-0.005588977325883482
2016-06-22,0.0043147033630011045
2016-06-23,0.0012881616193669565
2016-06-27,-0.055282111429004854
2016-06-28,0.02975621850968868
2016-06-29,0.010576216460112198
2016-06-30,0.0034960408628874617
2016-07-01,0.01303556838351616
2016-07-05,-0.012858747987001928
2016-07-06,-0.014201793825625586
2016-07-07,0.008951371624906335
2016-07-08,0.011218781611839646
2016-07-11,0.012447540108378785
2016-07-12,0.002463795268219604
2016-07-13,-0.0007716692695948213
2016-07-14,0.003513083812078266
2016-07-15,-0.0058406635203153145
2016-07-18,0.004037375124587017
2016-07-19,-0.001964706233018032
2016-07-20,0.0021082989265497343
2016-07-21,-0.004210131854321064
2016-07-22,0.0012310945949973728
2016-07-25,0.009004884527513024
2016-07-26,0.0035170461709788103
2016-07-27,-0.005973583062161558
2016-07-28,0.007300537897760195
2016-07-29,-0.0034871731562678976
2016-08-01,-0.004171858405938367
2016-08-02,-0.0068681302137875155
2016-08-03,0.00040252352846792405
2016-08-04,0.011599333946336499
2016-08-05,0.01442508081207139
2016-08-08,0.008277582837935782
2016-08-09,0.010886393150303153
2016-08-10,-0.003461437428758929
2016-08-11,0.007164428906007991
2016-08-12,-0.0041782947426705075
2016-08-15,0.003924284805266742
2016-08-16,-0.008235568345338229
2016-08-17,-0.00854434904591983
2016-08-18,0.004280749270693551
2016-08-19,-0.005340667190105508
2016-08-22,0.002165209486433728
2016-08-23,-0.004880748364542442
2016-08-24,0.0005477062310750291
2016-08-25,-0.00333992575501596
2016-08-26,0.005321483940954108
2016-08-29,-4.616658481237934e-05
2016-08-30,-0.0009028341734640399
2016-08-31,-0.006997176460988963
2016-09-01,-0.0018032319729687218
2016-09-02,0.012513642984986584
2016-09-06,-0.002235440846182324
2016-09-07,0.003719366374443256
2016-09-08,0.0006477930111041807
2016-09-09,-0.01230646216300757
2016-09-12,-0.007886317129257692
2016-09-13,-0.011564288406672896
2016-09-14,0.0011076879517804006
2016-09-15,-0.0009718956007088719
2016-09-16,-0.006242395292294978
2016-09-19,0.017031169787424805
2016-09-20,-0.0008535448302858795
2016-09-21,0.004733090047069011
2016-09-22,0.012287197470347566
2016-09-23,0.0010191792734985938
2016-09-26,-0.009955283451318686
2016-09-27,0.004039052104985119
2016-09-28,0.0044129300680444405
2016-09-29,0.00018912238843604712
2016-09-30,0.005503832126793062
2016-10-03,0.00647381955146864
2016-10-04,0.0003705644329214941
2016-10-05,0.0010759789744063664
2016-10-06,0.002544489752893231
2016-10-07,-0.0022783580114159596
2016-10-11,0.005816339212485033
2016-10-12,-0.0013507813036296445
2016-10-13,-0.005788046001142688
2016-10-14,0.011614443782827166
2016-10-17,-0.002109250284890951
2016-10-18,0.005730130492969554
2016-10-19,0.0008719969354198387
2016-10-20,0.004332708945019359
2016-10-21,0.004060109766693465
2016-10-24,-0.0006780414014538882
2016-10-25,-0.006799233776970892
2016-10-26,-0.0013305682126868446
2016-10-27,-0.0013522043581194465
2016-10-28,-0.002066556725789259
2016-10-31,0.0004003020988208039
2016-11-01,-0.010092332329543208
2016-11-02,-0.006951283088338034
2016-11-03,0.016283506221986155
2016-11-04,-0.013024725895908862
2016-11-07,0.010572708823124
2016-11-08,0.00820353744072988
2016-11-09,0.007256273772401567
2016-11-10,0.003401261345467921
2016-11-14,-0.012226809059699084
2016-11-15,0.015037082256227796
2016-11-16,-0.002453432505537756
2016-11-17,0.0019846743226901165
2016-11-18,0.0049718735927235524
2016-11-21,-0.006760286903524704
2016-11-22,0.0015375209274308688
2016-11-23,0.006504430759078472
2016-11-25,0.0013997281622071256
2016-11-28,-0.0025351315395765184
2016-11-29,-0.00535517211497083
2016-11-30,0.004206711325636547
2016-12-01,-0.002229841944669797
2016-12-02,-0.0039526037614764364
2016-12-05,-0.002137664270908002
2016-12-07,0.02389187565924078
2016-12-08,-0.0016317397174746562
2016-12-09,-0.006755106663907107
2016-12-12,0.0042731155373485485
2016-12-13,0.004852078261714521
2016-12-14,-0.008464854261734267
2016-12-15,0.002130808755519631
2016-12-16,-0.003040472979301767
2016-12-19,0.0029137181570200177
2016-12-20,0.0011709368721943836
2016-12-21,0.006792475791447483
2016-12-22,0.00047332284407652914
2016-12-23,0.004062470458304546
2016-12-27,-0.005651727032717768
2016-12-28,-0.0032957198635539253
2016-12-29,0.0014594242516812184
2016-12-30,0.004473330014570731
2017-01-03,0.010947382797854344
2017-01-04,-0.002969843197773825
2017-01-05,0.003551388851230186
2017-01-09,-0.011224904403661973
2017-01-10,0.0001342250624403185
2017-01-11,-0.006224062997625346
2017-01-12,-0.000949986983532991
2017-01-13,0.007230853984543373
2017-01-17,-0.009485807001369695
2017-01-18,0.00639801794684014
2017-01-19,0.004423791764800011
2017-01-20,0.005338717101317503
2017-01-23,-0.0017145866424268519
2017-01-24,0.0025029598121719676
2017-01-25,-0.00015060225795315851
2017-01-26,0.002319524996939215
2017-01-27,0.0004088980015217736
2017-01-30,-0.014536132735266105
2017-01-31,-0.006654084573294861
2017-02-01,0.006819266063852636
2017-02-02,0.0008044891456759906
2017-02-03,-0.012380784123715016
2017-02-06,-9.278570178894441e-05
2017-02-07,-0.005001227992075141
2017-02-08,0.0041154581150586456
2017-02-09,0.008301132124759913
2017-02-10,0.008492628601448837
2017-02-13,-0.000636073373064705
2017-02-14,-0.005311776477029295
2017-02-15,0.007416970067253281
2017-02-16,0.006314512899731062
2017-02-17,-0.0006719094806256765
2017-02-21,0.008990893601164451
2017-02-22,-0.011040591444311354
2017-02-23,-0.0036803279657647847
2017-02-24,-0.009070036006507132
2017-02-27,-0.0038717555875533716
2017-02-28,-0.005147581112129984
2017-03-01,0.008702042903550922
2017-03-02,-0.002636036183382595
2017-03-03,0.0005677257318659201
2017-03-06,0.0009321154265056197
2017-03-07,0.002642739810690742
2017-03-08,0.0004795440274663054
2017-03-09,0.0023759543814116935
2017-03-10,0.0030075183782132253
2017-03-13,0.0013501298208975498
2017-03-14,-0.008432189866908413
2017-03-15,0.0013186534639901826
2017-03-16,0.004540497248412212
2017-03-17,0.009374482839366927
2017-03-20,-0.0026708618638437986
2017-03-21,-0.0018987589841544805
2017-03-22,-0.0015045995564089143
2017-03-23,0.008720771787700032
2017-03-24,-0.005006104605002171
2017-03-27,-0.0010724910002516408
2017-03-28,-0.0021965005994337705
2017-03-29,0.002842912265964781
2017-03-30,-0.0016857309654759733
2017-03-31,0.0013818230999895764
2017-04-03,0.004441463802075329
2017-04-04,0.0031528511245364488
2017-04-05,0.0013759233249419633
2017-04-06,0.008776640779047273
2017-04-07,0.00046415507588415394
2017-04-10,-0.0029433743880710184
2017-04-11,0.0007069960484196169
2017-04-12,0.0066737755727201975
2017-04-13,-8.93093439784387e-05
2017-04-18,-0.0003149830553985655
2017-04-19,-0.002401472453473219
2017-04-20,0.007335718225140786
2017-04-21,-0.010249926201258752
2017-04-24,0.009709852802843422
2017-04-25,0.011929591577219067
2017-04-26,0.002084610778622986
2017-04-27,0.0013293599210848495
2017-04-28,0.00917356231593991
2017-05-02,0.01099655272695288
2017-05-03,-0.0017387873339421711
2017-05-04,-0.00013335895224420025
2017-05-05,0.006999929652885983
2017-05-08,-0.0010232690112605969
2017-05-09,0.014740683269427013
2017-05-10,0.0034410092680661197
2017-05-11,0.008254256246677638
2017-05-12,-0.005293131363002468
2017-05-15,-0.0005652830587694613
2017-05-16,-0.006852997771519376
2017-05-17,-0.01120810741762368
2017-05-18,-0.015749553446722353
2017-05-19,0.019712365209215044
2017-05-22,0.01029685320071061
2017-05-23,0.00958814531564367
2017-05-24,-0.0018375509628841824
2017-05-26,-0.0038138604325935743
2017-05-30,-0.0049568377423795384
2017-05-31,0.00014233935602825376
2017-06-01,0.0033922957889596095
2017-06-02,0.0039029893235853486
2017-06-05,-0.0009957315035382663
2017-06-06,-0.004418167585118482
2017-06-07,0.0068054543258562195
2017-06-08,-0.0051983360064534745
2017-06-09,0.006806420350055298
2017-06-12,-0.011903478210516072
2017-06-13,0.003332017868820536
2017-06-14,-0.002258135945083284
2017-06-15,-0.009398203338856326
2017-06-16,0.014389315094284205
2017-06-19,0.012848671920484334
2017-06-20,-0.005797570813821151
2017-06-21,-0.010636789541416003
2017-06-22,-0.008421487381159443
2017-06-26,-0.003340249853607924
2017-06-27,-0.009827684078387522
2017-06-28,0.004109596750057731
2017-06-29,-0.005945080557092641
2017-06-30,-0.0010319401966061292
2017-07-03,0.009730173933817365
2017-07-05,0.003785445078520855
2017-07-06,-0.0011590933439236117
2017-07-07,0.001502573523379791
2017-07-10,0.010007560096856105
2017-07-11,-0.0015942909249827553
2017-07-12,0.013858626055506917
2017-07-13,0.006798832876895533
2017-07-14,-0.003910500453921495
2017-07-17,0.002342530503925966
2017-07-18,-0.006071669410136371
2017-07-19,0.0016080935643418837
2017-07-20,-0.006761389216573543
2017-07-21,-0.011678461104038251
2017-07-24,-0.004606513320721817
2017-07-25,-0.01750050522039026
2017-07-26,0.009979236166548278
2017-07-27,-0.001802424115508905
2017-07-28,-0.010863869017332162
2017-07-31,-6.785759718064277e-05
2017-08-01,0.002656678060895201
2017-08-02,-0.00438681693861509
2017-08-03,-0.006577579966514646
2017-08-04,0.0018594503790168027
2017-08-07,-0.0043572040153999625
2017-08-08,0.0034300207585515885
2017-08-09,0.00022076633902701204
2017-08-10,-0.009803891809826215
2017-08-11,-0.0012020081139788585
2017-08-14,0.005135470097168859
2017-08-15,-0.0004256994323084129
2017-08-16,0.008199180464885769
2017-08-17,-0.01076505388325033
2017-08-18,-0.005308116554982978
2017-08-21,-0.003617756503809688
2017-08-22,0.004739504543082473
2017-08-23,0.008547130932892832
2017-08-24,0.002826810739100516
2017-08-25,0.0046301032025906075
2017-08-28,0.011712890015970645
2017-08-29,-0.0072766701768116615
2017-08-30,0.006924796432823621
2017-08-31,-0.00023059277471315642
2017-09-01,-0.0006555499102752771
2017-09-05,-0.016906852811479633
2017-09-06,0.0010251818031887794
2017-09-07,0.0007691983685289561
2017-09-08,0.00031819644262665037
2017-09-11,0.0055866096503089935
2017-09-12,0.004061626019840725
2017-09-13,-0.0034147509795497966
2017-09-14,-0.004413267552382805
2017-09-15,-0.005727263227410795
2017-09-18,0.007056955523651043
2017-09-19,-0.0017785745324584434
2017-09-20,-0.0026650692980697555
2017-09-21,-0.0005429835163198726
2017-09-22,-0.00014937429630024202
2017-09-25,-0.0021424168846773117
2017-09-26,0.0023140976262077118
2017-09-27,0.0002960195001124877
2017-09-28,0.009597852451458833
2017-09-29,0.0015072279934900124
2017-10-02,0.004808985043489367
2017-10-03,-0.00014746025278356
2017-10-04,-0.0017753427198708982
2017-10-05,0.003841026343946119
2017-10-06,-0.004497555652665519
2017-10-09,0.0021843559225314113
2017-10-10,-0.001637264184049303
2017-10-11,-0.0016138270426522272
2017-10-12,0.0020073671010989447
2017-10-13,-0.003604277813692436
2017-10-16,-0.003432637040274855
2017-10-17,0.005598119437266513
2017-10-18,0.000555103552866365
2017-10-19,-0.0004508811106259669
2017-10-20,0.007203861876479145
2017-10-23,-0.0021477407691696815
2017-10-24,0.0008746584415455505
2017-10-25,-0.0026528656688105112
2017-10-26,-0.0005539160186279757
2017-10-27,0.0004913047798111858
2017-10-30,0.0023008103282402548
2017-10-31,-0.008192890315329215
2017-11-01,0.007939643300616028
2017-11-02,0.0031960987395358575
2017-11-03,0.0019981867275278287
2017-11-06,-0.002818597271166956
2017-11-07,-0.00347007817627365
2017-11-08,0.0002202147550611766
2017-11-09,-0.018510784171278938
2017-11-10,-0.0037391416658989485
2017-11-13,0.00046721254984682936
2017-11-14,-0.0008029728035248151
2017-11-15,-0.005890847075485595
2017-11-16,0.008172159197444406
2017-11-17,-0.002329049211107548
2017-11-20,-0.0003026881868392062
2017-11-21,-0.0012901790039856476
2017-11-22,0.0008991855391091708
2017-11-24,-0.004742152867858174
2017-11-27,-0.005168203062448695
2017-11-28,0.0001949616308700719
2017-11-29,0.002006631632543776
2017-11-30,-0.006036737741636378
2017-12-01,-0.004351124731628575
2017-12-04,0.003595956452365101
2017-12-05,0.0008683493110075435
2017-12-07,-0.0003109230213469427
2017-12-08,-0.002277159559636144
2017-12-11,-0.0014568916081550976
2017-12-12,-0.0038574100341157713
2017-12-13,0.00126549069765991
2017-12-14,-0.007323083628289595
2017-12-15,0.004500877836967732
2017-12-18,0.007445296352575292
2017-12-19,-0.003125249571475197
2017-12-20,-0.004181999417792515
2017-12-21,0.005697680206453004
2017-12-22,-0.00184102140985698
2017-12-27,-0.001356085807389662
2017-12-28,-8.026537199412598e-05
2017-12-29,-0.0006051998798093372
2018-01-02,0.00621096224865858
2018-01-03,0.005265189230598155
2018-01-04,0.0030926882851762816
2018-01-05,0.0032861232981014066
2018-01-08,0.002914171005490518
2018-01-09,0.003272811686715116
2018-01-10,0.0037385076613738466
2018-01-11,-0.0007980160154205107
2018-01-12,0.006482776540825297
2018-01-16,-0.003526769674893848
2018-01-17,0.006005053760574475
2018-01-18,0.0003225622984974752
2018-01-19,0.0006163633096016863
2018-01-22,0.00836066197021279
2018-01-23,0.004312684946394141
2018-01-24,-0.005906658336515158
2018-01-25,-0.013742293199721978
2018-01-26,0.008768085510800105
2018-01-29,0.0026981774790415525
2018-01-30,-0.010513449042263923
2018-01-31,0.012497265392642287
2018-02-01,0.008907704356936552
2018-02-02,0.0020039282053825325
2018-02-05,-0.00864567054676113
2018-02-06,-0.025745590044449318
2018-02-07,0.02372079654314141
2018-02-08,-0.013386071437666902
2018-02-09,-0.005958106781753014
2018-02-12,0.012683546582257232
2018-02-13,-0.0016379331959501808
2018-02-14,0.003474604658996183
2018-02-15,0.00544342032301981
2018-02-16,0.006677725511238464
2018-02-20,0.020773292269335997
2018-02-21,0.0036430442622019665
2018-02-22,-0.008973211733192099
2018-02-23,0.006277436018574223
2018-02-26,9.369532828640281e-05
2018-02-27,0.001947403252816171
2018-02-28,-0.010548577760830069
2018-03-01,-0.01131143010741753
2018-03-02,-0.014909455297537066
2018-03-05,-0.0030627958726493487
2018-03-06,0.008372390270123153
2018-03-07,0.0062178540186446085
2018-03-08,0.011243316962030736
2018-03-09,-0.004887056386014277
2018-03-12,-0.0004345531071406894
2018-03-13,-0.009121973034472153
2018-03-14,-0.0024367405296770173
2018-03-15,0.0021232944377500562
2018-03-16,0.0031685871012323563
2018-03-19,-0.012311167820460711
2018-03-20,0.004394996109755578
2018-03-21,0.0040015227979051105
2018-03-22,-0.006791957418489369
2018-03-23,-0.002226254517476711
2018-03-26,-0.0030113244691839514
2018-03-27,0.006489162314774699
2018-03-28,-0.0015888934628881524
2018-03-29,0.008374913858253619
2018-04-03,-0.0042047628100720935
2018-04-04,-0.013327147452378174
2018-04-05,0.016073255941291942
2018-04-06,-0.003130585130849628
2018-04-09,0.0019285139989075883
2018-04-10,0.006291966623612977
2018-04-11,-0.0063928409283192655
2018-04-12,0.005576030885511951
2018-04-13,-0.008602678368713201
2018-04-16,-0.00019898529245954144
2018-04-17,0.003683031850699514
2018-04-18,-0.001201515772787709
2018-04-19,-0.00016260267676593276
2018-04-20,-0.0029475846894663205
2018-04-23,0.0019976406462773877
2018-04-24,-0.0001339811667543378
2018-04-25,-0.0044892108356333615
2018-04-26,-0.0037453201986109574
2018-04-27,0.018625653731183744
2018-04-30,-0.008299822821229319
2018-05-02,-0.00383210623940089
2018-05-03,-0.015605496673319452
2018-05-04,-0.0036754250887094386
2018-05-07,0.0044220240217198725
2018-05-08,0.004264585489338613
2018-05-09,0.0022917836230482713
2018-05-11,0.006855338939864231
2018-05-14,0.003350372555565251
2018-05-15,0.000849806021022026
2018-05-16,-0.005153565555028661
2018-05-17,0.0011040633845413872
2018-05-18,-0.0033643273683761077
2018-05-21,0.0064519726564402635
2018-05-22,0.005809178146039207
2018-05-23,-0.01217533470911314
2018-05-24,-0.002203634916142172
2018-05-25,-0.0012853424469493335
2018-05-29,-0.010329777622660297
2018-05-30,0.004677996166613463
2018-05-31,0.005067022534442467
2018-06-01,0.008652382141417059
2018-06-04,0.00387440291658403
2018-06-05,0.0013382879910948109
2018-06-06,-0.0007057865412363196
2018-06-07,0.003976514769014283
2018-06-08,-0.006237513028342745
2018-06-11,-0.006120934929322752
2018-06-12,-0.002321535241281092
2018-06-13,-0.006242877797960844
2018-06-14,0.004454332225861446
2018-06-15,-0.0033637730392529486
2018-06-18,-0.004047897752606944
2018-06-19,-0.0015460162991856041
2018-06-20,0.0011578859188956514
2018-06-21,-0.00890694993364416
2018-06-25,-0.006638402639229435
2018-06-26,0.008120489821749732
2018-06-27,-0.0008958707353339257
2018-06-28,0.003969298449783221
2018-06-29,0.003857545034175347
2018-07-02,-0.007171556717718519
2018-07-03,-0.001971253496228509
2018-07-05,0.0030337995162095233
2018-07-06,0.0019993635076493987
2018-07-09,0.008702283574186787
2018-07-10,0.004720141048909943
2018-07-11,-0.010128479868548701
2018-07-12,0.0041873655941158106
2018-07-13,-0.01500983441778303
2018-07-16,-0.0071673773747619185
2018-07-17,0.005791538377892591
2018-07-18,-0.002498776260083657
2018-07-19,0.0033163269412890273
2018-07-20,-0.014084894412847215
2018-07-23,0.0004890807485518067
2018-07-24,0.0035537859962440077
2018-07-25,0.0017278194638405964
2018-07-26,0.007332072316382554
2018-07-27,0.009574191841888569
2018-07-30,0.004009004934261373
2018-07-31,-0.004176155027039941
2018-08-01,0.006169905714042523
2018-08-02,-0.0058923004401079115
2018-08-03,-0.0013715615827754046
2018-08-06,0.004043600170661188
2018-08-07,0.0068988107155592004
2018-08-08,-0.006055897471564653
2018-08-09,0.02063837099711119
2018-08-10,-0.0017209139107130511
2018-08-13,0.010121659559744645
2018-08-14,-0.007461139858663479
2018-08-15,-0.0046920328815531764
2018-08-16,0.004396114020966069
2018-08-17,-0.001191434356844101
2018-08-20,0.00937696214276662
2018-08-21,0.0014037833778308695
2018-08-22,7.447728720411106e-07
2018-08-23,0.0024487577467877664
2018-08-24,0.0005441263953895881
2018-08-27,0.0030108903710919233
2018-08-28,0.006444849633743255
2018-08-29,-0.0024250648424500865
2018-08-30,0.00038442011653483377
2018-08-31,-0.006251571929979605
2018-09-04,-0.0020605770824925207
2018-09-05,-0.0024045044459423126
2018-09-06,-0.00023364582623774943
2018-09-07,-0.0012264096930136859
2018-09-10,0.006557444641414278
2018-09-11,-0.0034460001053171485
2018-09-12,-0.005357654525698363
2018-09-13,-0.0009828352374543492
2018-09-14,0.0007863292536911537
2018-09-17,-0.0002890941170730077
2018-09-18,-0.004327872805073962
2018-09-19,0.00047571471113072583
2018-09-20,0.00867373576623054
2018-09-21,0.006931271717162346
2018-09-24,-0.003555529311067618
2018-09-25,-0.0016238368979705209
2018-09-26,-0.0012334250052936646
2018-09-27,0.018845996497624418
2018-09-28,-0.005628050683812669
2018-10-01,-0.0018173174551233684
2018-10-02,-0.009251078836395421
2018-10-03,-0.0015112731296486048
2018-10-04,-0.002010464935648937
2018-10-05,-0.00858495075641108
2018-10-08,-0.005125914513708807
2018-10-09,-0.006911999368859112
2018-10-10,-0.008313808988042348
2018-10-11,-0.026362825234156784
2018-10-12,0.015018980471857013
2018-10-15,0.002917737008399479
2018-10-16,0.020375435179504242
2018-10-17,-0.018341705773269767
2018-10-18,-0.01900226329197463
2018-10-19,0.0026175373594703455
2018-10-22,-0.0027259967164838805
2018-10-23,-0.028777505484647414
2018-10-24,0.00267140316933534
2018-10-25,-0.011611271573319093
2018-10-26,-0.0023199236519513278
2018-10-29,0.002664540208516808
2018-10-30,0.006219930649288052
2018-10-31,0.01784400442476408
2018-11-01,-0.0025799032867898086
2018-11-02,0.015536746696765524
2018-11-05,0.006024842000932118
2018-11-06,-0.002181159431303703
2018-11-07,0.011108943229260815
2018-11-08,0.0074298089536648515
2018-11-09,-0.002105437690434364
2018-11-12,-0.002515723904282674
2018-11-13,0.0010909983286895297
2018-11-14,-0.008563987235862602
2018-11-15,-0.006767244407729134
2018-11-16,0.0032595991698947113
2018-11-19,-0.0029966906497448376
2018-11-20,-0.01948428585050621
2018-11-21,0.009334220623931078
2018-11-23,-0.010818307461912813
2018-11-26,0.0032535688804995466
2018-11-27,-0.006000864393498673
2018-11-28,-0.0023523115486712154
2018-11-29,0.0002702365240914162
2018-11-30,-0.0019091552197936235
2018-12-03,0.016457468774221162
2018-12-04,-0.011747680289056595
2018-12-07,-0.007544017994601138
2018-12-10,-0.011761000921613252
2018-12-11,0.010545324422633007
2018-12-12,0.021176736379522332
2018-12-13,-0.006275770796852043
2018-12-14,0.0037111506045632847
2018-12-17,-0.007426641610169926
2018-12-18,-0.004577379689651662
2018-12-19,0.005764300179138537
2018-12-20,-0.02786179340081074
2018-12-21,-0.007217364507412727
2018-12-27,-0.017669523148128197
2018-12-28,0.006326597633141029
2019-01-02,0.017375086321687938
2019-01-03,0.004354459969777347
2019-01-04,0.018998543190085204
2019-01-07,0.007873914827194683
2019-01-08,0.010384774622018922
2019-01-09,-0.002079128199137026
2019-01-10,-0.0009107065950378912
2019-01-11,0.0006673817547946381
2019-01-14,0.003648725646411055
2019-01-15,0.0028236496274436362
2019-01-16,0.009974880873213188
2019-01-17,6.047760000904567e-05
2019-01-18,0.006988891031584288
2019-01-22,-0.006800051133669105
2019-01-23,0.013560981063968747
2019-01-24,0.013824666619783876
2019-01-25,-0.00016214804494152357
2019-01-28,-0.006171060507394355
2019-01-29,0.00491058996051974
2019-01-30,-0.003370997349016025
2019-01-31,-0.015830554182857504
2019-02-01,0.011210201687765986
2019-02-04,-0.010462798215106428
2019-02-05,0.011746816112301994
2019-02-06,0.0157578519947974
2019-02-07,0.0021148925043079636
2019-02-08,-0.0012052855210837876
2019-02-11,0.010428080950848129
2019-02-12,-0.015310679444151987
2019-02-13,0.003887780016032183
2019-02-14,-0.004524293556625314
2019-02-15,0.003906482877001016
2019-02-19,0.008015856563324819
2019-02-20,-0.0019153071088806595
2019-02-21,-0.009892834124667682
2019-02-22,-0.004003711655856779
2019-02-25,0.0019945941827144154
2019-02-26,-0.0032613308581044276
2019-02-27,-0.0011034108604489612
2019-02-28,-0.007395224505927556
2019-03-01,0.01675338511986646
2019-03-04,-0.007046003897972941
2019-03-05,0.00025139998016210363
2019-03-06,-0.002940334724475746
2019-03-07,-0.003331878887216755
2019-03-08,-0.001423890024864649
2019-03-11,0.006598839883845464
2019-03-12,-0.002697605520775026
2019-03-13,0.006219882812459998
2019-03-14,0.011193203429394005
2019-03-15,0.0025218664364439203
2019-03-18,0.01552912520061378
2019-03-19,-0.0011207922604992149
2019-03-20,-0.002827634017747993
2019-03-21,-0.005172603225798156
2019-03-22,-0.013024452230704808
2019-03-25,-0.003005060394165482
2019-03-26,-0.00036808255431364234
2019-03-27,0.009074341785948903
2019-03-28,-0.009629102975283632
2019-03-29,0.007701101671161448
2019-04-01,0.01899297862786975
2019-04-02,0.014993820731670882
2019-04-03,0.002480636280471904
2019-04-04,-0.0022762058794498774
2019-04-05,0.008916395575633285
2019-04-08,0.004048332251495923
2019-04-09,-0.0014969900015177062
2019-04-10,0.0018850758554727065
2019-04-11,0.008102160174040085
2019-04-12,0.00026425023202758524
2019-04-15,-0.000752400967134137
2019-04-16,-0.005523864116532384
2019-04-17,0.0013550224938907451
2019-04-18,0.01361031240868349
2019-04-23,0.011461576128027895
2019-04-24,-0.016672191554266136
2019-04-25,-0.0005029044582602893
2019-04-26,-0.004250415736607782
2019-04-29,-0.0019297737747476784
2019-04-30,-0.0048327424739730285
2019-05-02,-0.0007582913547208303
2019-05-03,-0.0023415085885950537
2019-05-06,-0.02315854570956577
2019-05-07,0.008798914188666185
2019-05-08,0.005858849725858484
2019-05-09,-0.015497686286453205
2019-05-10,0.006160359438508234
2019-05-13,-0.021258698523170638
2019-05-14,0.002556899983665817
2019-05-15,0.0006392318189252233
2019-05-16,0.02187639807162456
2019-05-17,-0.0004464246693397511
2019-05-20,-0.005888526654383441
2019-05-21,0.0029977572931079166
2019-05-22,-0.0029478586238039783
2019-05-23,-0.020934113399948218
2019-05-24,-1.8605850962361004e-05
2019-05-28,0.002240643868770986
2019-05-29,-0.012685662225893735
2019-05-31,-0.0013230963279305952
2019-06-03,0.0009559169340958018
2019-06-04,0.0028430223018796053
2019-06-05,0.0074972801604165085
2019-06-06,-0.003022101700761004
2019-06-07,0.005607193793864873
2019-06-10,0.000992778797042071
2019-06-11,0.011408609892506139
2019-06-12,0.004886519414108559
2019-06-13,0.0023412653297250063
2019-06-14,-0.008888445440761394
2019-06-17,0.00970248854833411
2019-06-18,0.007863177901916707
2019-06-19,-0.0009400550059623924
2019-06-20,-0.0037141676251644107
2019-06-24,0.004824891583247837
2019-06-25,-0.0035725343892777373
2019-06-26,0.011490172662691256
2019-06-27,-0.001934453159793792
2019-06-28,0.0011997493131012948
2019-07-01,0.005059371733604046
2019-07-02,0.0008540291172800529
2019-07-03,0.009179416529811357
2019-07-05,0.0024177545819226154
2019-07-08,-0.0013529524880970811
2019-07-09,-0.011279884656683503
2019-07-10,-0.0014046273654380048
2019-07-11,0.0019936878385873325
2019-07-12,-0.005176518473913538
2019-07-15,0.004861909893568939
2019-07-16,0.002192963087814803
2019-07-17,-0.006506195201057219
2019-07-18,-0.020246121423971086
2019-07-19,0.00219442801458003
2019-07-22,7.941481770878944e-05
2019-07-23,0.013148436714941258
2019-07-24,-0.00035258487780043257
2019-07-25,-0.004687658474222478
2019-07-26,-0.0015888570526637613
2019-07-29,-0.003680488364856349
2019-07-30,-0.01336596734647566
2019-07-31,0.005870593560656889
2019-08-01,0.0020074082092613743
2019-08-02,-0.007680107984174067
2019-08-05,-0.004563190892201474
2019-08-06,0.0015241728187829207
2019-08-07,-0.008019238928588024
2019-08-08,0.010670338538620427
2019-08-09,-0.0016161485321789515
2019-08-12,0.003765520085246443
2019-08-13,0.0014914049519223482
2019-08-14,0.01209220229187391
2019-08-15,-0.006685974597259725
2019-08-16,0.017615438732577093
2019-08-19,-9.103952920375136e-05
2019-08-20,-0.006530176376843944
2019-08-21,0.0030993202094502514
2019-08-22,0.0029697588361556893
2019-08-23,-0.0005140624798428695
2019-08-26,-0.0035111441773548746
2019-08-27,0.0031284215568285756
2019-08-28,-0.011392144887510947
2019-08-29,0.01456726961461241
2019-08-30,0.004034246707938838
2019-09-03,-0.00987761759441419
2019-09-04,0.008962551855943302
2019-09-05,0.011071499019904563
2019-09-06,0.004707884367337378
2019-09-09,0.0035949787555629165
2019-09-10,0.008976098928835441
2019-09-11,-0.00042815010121899366
2019-09-12,0.006078451630321835
2019-09-13,0.00770682584412774
2019-09-16,0.004394318935163177
2019-09-17,-0.002737428132405295
2019-09-18,-0.0024013700133118654
2019-09-19,0.0074630021346888675
2019-09-20,-0.0017483949305127089
2019-09-23,-0.008112818923017295
2019-09-24,-0.00026695815374655485
2019-09-25,-0.003842258912897023
2019-09-26,0.004710805720403499
2019-09-27,0.012813074663913238
2019-09-30,0.012757545878356646
2019-10-01,-0.0014286056897203636
2019-10-02,-0.014819983358738575
2019-10-03,-0.006773590539405405
2019-10-04,0.010060014028482778
2019-10-07,0.007284612729710149
2019-10-08,-0.011398370646577116
2019-10-09,-0.002089322295516949
2019-10-10,0.004766392984027146
2019-10-11,0.012095794649904956
2019-10-14,4.9662250217519244e-05
2019-10-15,0.006799632218507545
2019-10-16,0.0015747357056348221
2019-10-17,0.007216752910393032
2019-10-18,-0.0005624403365112052
2019-10-21,-0.0005339879697043859
2019-10-22,0.010109244821305818
2019-10-23,0.00391706808834158
2019-10-24,-0.0001743044160118501
2019-10-25,0.008550277913890847
2019-10-28,0.014360997456481783
2019-10-29,-0.005051597060221402
2019-10-30,-0.009209836065703025
2019-10-31,-0.003496685279110512
2019-11-01,0.00550190215447377
2019-11-04,0.020946923926396188
2019-11-05,0.020749052359991582
2019-11-06,-0.02310736418932713
2019-11-07,-0.008434202684157843
2019-11-08,-0.00317520819819872
2019-11-11,-0.002494306110594313
2019-11-12,0.0007499547549905117
2019-11-13,-0.006097754235313557
2019-11-14,-0.005234437362208744
2019-11-15,0.02363964837933108
2019-11-18,-0.0019946675376785183
2019-11-19,-0.009995743562795867
2019-11-20,0.00020650151661971705
2019-11-21,0.0009884726731175242
2019-11-22,-0.0031694063318307153
2019-11-25,0.001460242490689101
2019-11-26,0.002545121513791049
2019-11-27,-0.008239437786771497
2019-11-29,-0.0036220487589787576
2019-12-02,-0.006651230282550991
2019-12-03,-0.008564952257284264
2019-12-04,0.006721991826459162
2019-12-05,-0.0029651026141667147
2019-12-09,0.0025801907382572153
2019-12-10,0.012675795424916148
2019-12-11,-0.004013414895678857
2019-12-12,-0.0027968646416960397
2019-12-13,0.008484345989110409
2019-12-16,0.007794687648186027
2019-12-17,0.0053221480085445805
2019-12-18,0.0018504664339193955
2019-12-19,0.0016070432044950067
2019-12-20,5.150737564774133e-05
2019-12-23,0.004507594214453237
2019-12-27,0.0027203885833793073
2019-12-30,-0.0056221983454167734
2020-01-02,0.01481512715950184
2020-01-03,0.0003931247807757998
2020-01-07,-0.0013869923272959994
2020-01-08,-0.008443930977149794
2020-01-09,0.0015468792032178325
2020-01-10,0.005181841683527866
2020-01-13,0.002453892118893908
2020-01-14,0.009598617191162395
2020-01-15,-0.0014649444741651196
2020-01-16,0.005025396705673479
2020-01-17,0.0023729895168398407
2020-01-21,0.012314899051390604
2020-01-22,0.005021311457582112
2020-01-23,0.003936115202360924
2020-01-24,0.003521618345207145
2020-01-27,-0.021715687751299506
2020-01-28,0.017876385824243446
2020-01-29,-0.007465510609467874
2020-01-30,0.0007554917916685611
2020-01-31,-0.0005620617194100896
2020-02-03,-0.01262135609571391
2020-02-04,0.037105333919188466
2020-02-05,0.013405229278427022
2020-02-06,0.015055536129532587
2020-02-07,0.00663586125691773
2020-02-10,0.013223604192626803
2020-02-11,0.01261152735364024
2020-02-12,6.543062390762522e-05
2020-02-13,-0.0034336055967316703
2020-02-14,0.0051459279129524305
2020-02-18,0.0016684566281042201
2020-02-19,0.019848804966248412
2020-02-20,-0.005240214424153455
2020-02-21,-0.0012516509664690645
2020-02-24,-0.03539266267831653
2020-02-25,-0.03513378901751685
2020-02-26,0.003745952046308565
2020-02-27,-0.03209754729319525
2020-02-28,-0.04172661475897754
2020-03-02,0.029414862782676243
2020-03-03,0.018461264360287055
2020-03-04,-0.007356362603013089
2020-03-05,-0.016589907043534025
2020-03-06,-0.03718931242767265
2020-03-09,-0.08033408076943516
2020-03-10,-0.013833507086331354
2020-03-11,-0.0065197507387848574
2020-03-12,-0.10214254694875291
2020-03-13,-0.003415220817132636
2020-03-16,-0.06887353088664028
2020-03-17,0.01842125583187393
2020-03-18,-0.022603854764024156
2020-03-19,0.01760221202308565
2020-03-20,0.01198881308404487
2020-03-23,-0.05489579460793714
2020-03-24,0.0660871493688806
2020-03-25,0.0425874598487459
2020-03-26,-0.004641523321314289
2020-03-27,-0.02873041953745703
2020-03-30,-0.004485321036262535
2020-03-31,0.03660033915962191
2020-04-01,-0.024431875298047023
2020-04-02,-0.002919175339708535
2020-04-03,-0.011627703844717674
2020-04-06,0.02172058248322739
2020-04-07,0.04676629394927856
2020-04-08,0.006837146760496182
2020-04-09,0.01846539582080342
2020-04-14,0.006555950642423758
2020-04-15,-0.04960079035659726
2020-04-16,-0.01327004260803577
2020-04-17,0.015853964376338237
2020-04-20,0.0031379885130102814
2020-04-21,-0.03424808278277125
2020-04-22,0.03204387684814525
2020-04-23,0.007965079452413093
2020-04-24,-0.005920859502242304
2020-04-27,0.013886226682206848
2020-04-28,0.026791862180984838
2020-04-29,0.04132534683260425
2020-04-30,-0.004717978958453606
2020-05-04,-0.04654616885643181
2020-05-05,0.00851998253664532
2020-05-06,0.002620334360391663
2020-05-07,0.004215282659369768
2020-05-08,0.006372721822190508
2020-05-11,-0.003074912980700395
2020-05-12,0.01602980236556273
2020-05-13,-0.0278122542458481
2020-05-14,-0.02048100370575956
2020-05-15,-0.0015899949595910012
2020-05-18,0.039854706546447405
2020-05-19,0.010460500325315314
2020-05-20,0.011295244062104137
2020-05-22,0.007071156303403381
2020-05-26,0.050037931385312984
2020-05-27,0.01981024001602405
2020-05-28,0.007735442364235512
2020-05-29,-0.02344232977050431
2020-06-01,0.0012101793703993557
2020-06-02,0.0049777206335248625
2020-06-03,0.01976235665709236
2020-06-04,0.007738606899418965
2020-06-05,0.00854978831041886
2020-06-08,-0.0012508313652155323
2020-06-09,-0.016922465910827467
2020-06-10,-0.01215808131465168
2020-06-11,-0.031548023081722
2020-06-12,0.014657567418582484
2020-06-15,-0.01453652245779169
2020-06-16,0.02710740276214252
2020-06-17,-0.006002194671101413
2020-06-18,-0.008208742822060633
2020-06-22,-0.006274940375115667
2020-06-23,0.013774153846624726
2020-06-24,-0.009219920102683021
2020-06-25,-0.0012866669451705448
2020-06-26,-0.006983442565167475
2020-06-29,-0.0008123322739466143
2020-06-30,-0.003147195188726748
2020-07-01,0.009477922858472043
2020-07-02,0.005765845344315235
2020-07-06,0.009651413030232092
2020-07-07,-0.007393759857647897
2020-07-08,-0.004246823299983493
2020-07-09,-0.012290554420134048
2020-07-10,0.0016480861772152355
2020-07-13,0.010625753029240848
2020-07-14,0.005409624546443004
2020-07-15,-0.0028781052690144415
2020-07-16,0.0005019177697966892
2020-07-17,-0.01002488361940923
2020-07-20,0.006329603079530566
2020-07-21,0.009240701065430956
2020-07-22,0.0015163416134482688
2020-07-23,0.013057769825018939
2020-07-24,-0.0008629001160519456
2020-07-27,-0.0006494178183212851
2020-07-28,-0.002448570959186269
2020-07-29,0.000350869111481078
2020-07-30,-0.026812012099459825
2020-07-31,0.005614318103876137
2020-08-03,0.007586072975424907
2020-08-04,-0.0020303790323914495
2020-08-05,-0.001048426079233944
2020-08-06,-0.006020803518703821
2020-08-07,-0.0012645930379197035
2020-08-10,0.007731739308381558
2020-08-11,0.013766113031580929
2020-08-12,0.00720286149202054
2020-08-13,-0.0003046996470851271
2020-08-14,-0.0025953348820767497
2020-08-17,0.011531128896706377
2020-08-18,0.006827064470139366
2020-08-19,-0.005086993366496428
2020-08-20,-0.006710214491073563
2020-08-21,0.0007828780149921055
2020-08-24,0.014126004313593787
2020-08-25,-0.0003498759606535007
2020-08-26,0.015535551376884227
2020-08-27,0.00659054760081812
2020-08-28,0.00034562902517332184
2020-08-31,-0.0008833170629479747
2020-09-01,-0.005279705466136875
2020-09-02,0.021582882579771034
2020-09-03,-0.0016354394244800785
2020-09-04,-0.0023411296780597723
2020-09-08,0.00497160746556391
2020-09-09,0.008465866752463524
2020-09-10,-0.0022049360818894304
2020-09-11,-0.00230955669959676
2020-09-14,0.0009031836260406934
2020-09-15,0.0030081255717842037
2020-09-16,0.01331138048407321
2020-09-17,-0.0013957737191752084
2020-09-18,0.013819499818706671
2020-09-21,-0.03125847675258375
2020-09-22,-0.002541506532168558
2020-09-23,-0.0010134403140590331
2020-09-24,-0.011582434044261514
2020-09-25,-0.005215522082756885
2020-09-28,0.013532609029164533
2020-09-29,-0.006818857392655642
2020-09-30,0.004143651304713503
2020-10-01,0.004179749772570629
2020-10-02,-0.0010407432971643038
2020-10-05,0.01220358097140406
2020-10-06,0.002473191625372184
2020-10-07,-0.008539299865757188
2020-10-08,0.008405057265768567
2020-10-09,0.0009526686308616306
2020-10-12,0.009438605274556533
2020-10-13,-0.0068026093929655085
2020-10-14,0.0023792602954373354
2020-10-15,-0.01221787836138355
2020-10-16,-0.001634873480045873
2020-10-19,-0.004778697991639214
2020-10-20,-0.004155847169935223
2020-10-21,-0.011999678229256183
2020-10-22,-0.0002839477757275999
2020-10-23,0.003669982637909852
2020-10-26,-0.01175116839961754
2020-10-27,-0.01155995371151719
2020-10-28,-0.029157248144383252
2020-10-29,0.011874835083124147
2020-10-30,0.00475203418818948
2020-11-02,0.00858344979929404
2020-11-03,0.025324686204238
2020-11-04,0.011046548660033961
2020-11-05,0.015201727999834658
2020-11-06,0.0010366711274256701
2020-11-09,0.04134477218352428
2020-11-10,0.009853684375201288
2020-11-11,0.024222977198245177
2020-11-12,-0.012866030221763136
2020-11-13,0.005109804958225439
2020-11-16,0.009773952335327518
2020-11-17,0.020070250821548008
2020-11-18,0.0017368949408842482
2020-11-19,-0.007849692287765442
2020-11-20,0.0045078808879051024
2020-11-23,0.011213365083944105
2020-11-24,0.006653313276028916
2020-11-25,0.006336959483075777
2020-11-27,0.025199006982961958
2020-11-30,-0.026032757548261842
2020-12-01,-0.009405779701790462
2020-12-02,-0.004842369608532127
2020-12-03,-0.00445136644540689
2020-12-04,0.0015277271127087655
2020-12-07,0.006628491567983952
2020-12-08,0.004350882763925812
2020-12-09,-0.004141353044653351
2020-12-10,0.0009149142872471039
2020-12-11,-0.0016609800637716887
2020-12-14,-0.003026971167302106
2020-12-15,0.008208674859682352
2020-12-16,0.0012547625212142588
2020-12-17,-0.006903734756337765
2020-12-18,0.004407500503072592
2020-12-21,-0.012583170643509556
2020-12-22,0.003369459188157453
2020-12-23,0.007403638244798394
2020-12-28,0.011233134091553243
2020-12-29,0.012842863436242746
2020-12-30,-0.007128656473518458
2021-01-04,0.0021152305500871105
2021-01-05,-0.0042500557181286425
2021-01-07,0.017269151333295873
2021-01-08,-0.0024588807795871137
2021-01-11,-0.0046707423185566865
2021-01-12,0.009673025354579368
2021-01-13,-0.00410156276372009
2021-01-14,0.0024210494369085733
2021-01-15,-0.00976983285603894
2021-01-19,0.008196322062588246
2021-01-20,0.01933132535063886
2021-01-21,0.0002528095900671268
2021-01-22,-0.0073872618854475824
2021-01-25,-0.010394222561718847
2021-01-26,-0.004501678738230819
2021-01-27,-0.013517111421506467
2021-01-28,0.0014864444643698516
2021-01-29,-0.007108267083597353
2021-02-01,0.012222829448561123
2021-02-02,0.003014698118704473
2021-02-03,0.010584002338412057
2021-02-04,-6.92069186293276e-05
2021-02-05,0.0016614759553232883
2021-02-08,0.002644157442948769
2021-02-09,-0.0023697395986793657
2021-02-10,-0.0012120179972092693
2021-02-11,0.002987087241161923
2021-02-12,0.010850382528149849
2021-02-16,0.025635153589419923
2021-02-17,-0.007887773019753408
2021-02-18,-0.012578766140743936
2021-02-19,0.028121490417935213
2021-02-22,0.007909978050212985
2021-02-23,-0.007256292426138233
2021-02-24,0.005097069141041688
2021-02-25,0.011690438090874222
2021-02-26,-0.0231766725880308
2021-03-01,0.009626743026488471
2021-03-02,0.007701133650190206
2021-03-03,-0.006874489772884629
2021-03-04,-0.002665806643187385
2021-03-05,-0.005330880266843363
2021-03-08,0.007432636434382189
2021-03-09,0.0022832423057874696
2021-03-10,0.005354844728671759
2021-03-11,0.006252016728315102
2021-03-12,-0.0005028244068983057
2021-03-15,0.012743743833610877
2021-03-16,0.002335396883478058
2021-03-17,-0.011183741735424912
2021-03-18,0.002072626542416245
2021-03-19,-0.007380764703543652
2021-03-22,0.0028508847579722385
2021-03-23,-0.008248430303194776
2021-03-24,-0.003218534145494445
2021-03-25,0.0014312980477215742
2021-03-26,0.005666006060009332
2021-03-29,-0.0020762581782278744
2021-03-30,0.0027599404928513316
2021-03-31,-0.005529487494332019
2021-04-01,0.013915540833470574
2021-04-06,0.024589819045559347
2021-04-07,0.021833125920475593
2021-04-08,0.009591389846197451
2021-04-09,0.0026314712601038792
2021-04-12,-0.005445088349005367
2021-04-13,0.009329022002082521
2021-04-14,-0.0011657384328165321
2021-04-15,0.00724749064821073
2021-04-16,0.017205511192377232
2021-04-19,0.00625296363601846
2021-04-20,-0.01640269538918715
2021-04-21,0.001985968684637074
2021-04-22,0.012036333166838942
2021-04-23,-0.0013293940573991803
2021-04-26,0.01224487085021675
2021-04-27,0.005078112522482803
2021-04-28,0.010170308200618594
2021-04-29,0.01228615676439726
2021-04-30,-0.00015338603728121125
2021-05-03,0.025249671592691758
2021-05-04,-0.01115793942659471
2021-05-05,0.013954265989575054
2021-05-06,-0.010542688007991852
2021-05-07,0.010029300888019232
2021-05-10,-0.00662974564606611
2021-05-11,-0.013436777529589938
2021-05-12,0.008080715552685191
2021-05-14,0.007652694375900326
2021-05-17,0.0006629225362271285
2021-05-18,0.008387812757475244
2021-05-19,-0.010321883235987817
2021-05-20,0.008831143248800855
2021-05-21,0.0046050256335592454
2021-05-24,-0.0007343981223966178
2021-05-25,0.00033482941250695397
2021-05-26,-0.004654976280841883
2021-05-27,0.001003822912950536
2021-05-28,0.015908515213285845
2021-06-01,0.007893974798009129
2021-06-02,0.0017567946992949057
2021-06-03,0.004426599535425346
2021-06-04,0.0037602554006730404
2021-06-07,0.004792327435169108
2021-06-08,0.0010719581622806729
2021-06-09,-0.00048141273526958184
2021-06-10,-0.010415958948008508
2021-06-11,0.00822436775309665
2021-06-14,0.002932831257638213
2021-06-15,-0.005249508620203569
2021-06-16,4.347350431732622e-05
2021-06-17,-0.006196621680270353
2021-06-18,-0.006199412227598566
2021-06-21,-0.0028705564721609456
2021-06-22,0.001333033393535299
2021-06-23,-0.010273619709192161
2021-06-24,0.013830442991945802
2021-06-28,-0.008480097033679468
2021-06-29,0.0013334939433480297
2021-06-30,-0.003223349693383337
2021-07-01,0.010072737462582193
2021-07-02,0.0014802403091542793
2021-07-06,0.007306624304645126
2021-07-07,0.004621233703556049
2021-07-08,-0.006929474197653551
2021-07-09,0.01260376854386358
2021-07-12,0.011480100148497652
2021-07-13,-0.0005070355711834784
2021-07-14,0.0063467530965077845
2021-07-15,0.005728576639155936
2021-07-16,0.0010526703118438618
2021-07-19,-0.011335575826991628
2021-07-20,0.006739898676386469
2021-07-21,0.017680026140997507
2021-07-22,0.0027952377015045826
2021-07-23,0.014202968342002853
2021-07-26,0.004284726399518712
2021-07-27,-0.013042544178428539
2021-07-28,0.008558733411457409
2021-07-29,0.0023287892653924835
2021-07-30,0.004023946061935346
2021-08-02,0.007644057852951303
2021-08-03,0.0005292051815257715
2021-08-04,0.01158064146667881
2021-08-05,0.003933468456047473
2021-08-06,0.020221356065075913
2021-08-09,-0.004660220103289814
2021-08-10,-0.0006272390460267951
2021-08-11,0.0014897055430278527
2021-08-12,0.015340015831824871
2021-08-13,0.012592231419906508
2021-08-16,0.004015694898709787
2021-08-17,0.012678446046235026
2021-08-18,-0.016399272840685986
2021-08-19,-0.02756169904567196
2021-08-20,-0.0007849295918838095
2021-08-23,0.008383352367934638
2021-08-24,-0.008982523508200613
2021-08-25,-0.0017266922213639013
2021-08-26,-0.008144360545563556
2021-08-27,0.0036720180376743627
2021-08-30,-0.001249979317657246
2021-08-31,0.004696334700309501
2021-09-01,0.004937443312527989
2021-09-02,0.0005600274329893296
2021-09-03,0.006683654009449924
2021-09-07,0.009207552258018392
2021-09-08,-0.015600679025606912
2021-09-09,-0.004718322449684842
2021-09-10,-0.004372822458404757
2021-09-13,-0.010443016935970273
2021-09-14,-0.002712000862545416
2021-09-15,-0.013142764448797029
2021-09-16,0.009473395926014927
2021-09-17,-0.0104055619823058
2021-09-20,-0.024531281698449314
2021-09-21,0.010127469688417268
2021-09-22,0.021262396805727057
2021-09-23,0.009085087617695331
2021-09-24,-0.012984863250443901
2021-09-27,-0.008520593224556672
2021-09-28,-0.026808961759995587
2021-09-29,0.004852804731717564
2021-09-30,0.016252448386347762
2021-10-01,0.006230251720827029
2021-10-04,-0.010431583051363935
2021-10-05,0.0012354416629607456
2021-10-06,-0.01365042280662121
2021-10-07,0.01192177446904763
2021-10-08,-0.0030451926177303967
2021-10-11,0.004680682048285423
2021-10-12,0.015834206964597586
2021-10-13,0.008400884889412819
2021-10-14,0.010078706741285304
2021-10-15,-0.0005086539418465152
2021-10-18,-0.0018882293799765693
2021-10-19,0.006868413963138309
2021-10-20,0.008223514659727815
2021-10-21,0.002299484545455588
2021-10-22,0.009416276284567537
2021-10-25,0.014717131117032434
2021-10-26,0.008955858201622702
2021-10-27,0.008366476937307743
2021-10-28,-0.009595148577024482
2021-10-29,0.006016145308272991
2021-11-01,-0.003709261572468092
2021-11-02,-0.007981299185026769
2021-11-03,0.0036929534983358714
2021-11-04,0.004503214926457666
2021-11-05,-0.0026119490449754146
2021-11-08,0.0014393040651548006
2021-11-09,-0.00046939084783537144
2021-11-10,-0.006228296546274215
2021-11-11,0.00726931481553561
2021-11-12,0.005071516699102441
2021-11-15,0.007333267019850931
2021-11-16,-0.0001685702285242341
2021-11-17,-0.005041174623800049
2021-11-18,-0.004563913587119717
2021-11-19,-4.9000132124055185e-05
2021-11-22,-0.0017958422458240753
2021-11-23,-0.01337684425750596
2021-11-24,-0.0013966541222801832
2021-11-26,-0.030384245817391742
2021-11-29,0.010003961900710179
2021-11-30,-0.011525016485061323
2021-12-01,0.014326490832040406
2021-12-02,-0.015592398011728736
2021-12-03,-0.008074818522176619
2021-12-07,0.032008997659500604
2021-12-08,-0.0018664380140858139
2021-12-09,-0.01056856815306495
2021-12-10,-0.0019212967990562824
2021-12-13,0.0037221878622160087
2021-12-14,-0.014123534537223481
2021-12-15,0.008888798570915624
2021-12-16,0.001539131815586403
2021-12-17,-0.0032426282725852573
2021-12-20,-0.013920509777860302
2021-12-21,0.008192201472969174
2021-12-22,0.0044412823498265475
2021-12-23,0.009284796758117553
2021-12-27,0.007495048900249879
2021-12-28,0.0013345139813232265
2021-12-29,-0.003600732269414153
2021-12-30,-0.005587676797312202
2022-01-03,0.008654976391255342
2022-01-04,0.00557445970361381
2022-01-05,0.004377274921723906
2022-01-07,-0.012741258938289368
2022-01-10,-0.01639782252662636
2022-01-11,0.005555558181262077
2022-01-12,0.005610448764428622
2022-01-13,0.012780545921363462
2022-01-14,-0.016961899229771538
2022-01-18,-0.007528534141147958
2022-01-19,-0.0007374403312094824
2022-01-20,0.002038182778179909
2022-01-21,-0.03343261433679923
2022-01-24,-0.055390679801170295
2022-01-25,0.013246951200453827
2022-01-26,0.034287690112812186
2022-01-27,-0.00030993975969073606
2022-01-28,0.0038825282347898504
2022-01-31,0.019429040454294055
2022-02-01,0.010283802711734236
2022-02-02,0.009359671269365766
2022-02-03,-0.014140848504287984
2022-02-04,-0.018087898030572647
2022-02-07,0.018795918315061222
2022-02-08,-0.006020144337530398
2022-02-09,0.016582829154948353
2022-02-10,-0.01094400301985543
2022-02-11,-0.00030789482038462435
2022-02-14,-0.02940400222868622
2022-02-15,0.015023667270447794
2022-02-16,-0.0047850504080863
2022-02-17,-0.023111977411514273
2022-02-18,-0.010905754027806025
2022-02-22,-0.0230310488035661
2022-02-23,-0.011673720811540611
2022-02-24,-0.03470655637782705
2022-02-25,0.0410352929133837
2022-02-28,-0.01588053603556583
2022-03-01,-0.0708032953103066
2022-03-02,0.022356340882879744
2022-03-03,-0.027772527876429587
2022-03-04,-0.04527211003167253
2022-03-07,-0.03643433546546038
2022-03-08,0.019109530902938543
2022-03-09,0.04064473999619733
2022-03-10,0.004921208980812386
2022-03-11,0.02671834347592661
2022-03-14,0.02601260484432455
2022-03-15,-0.009336321611979836
2022-03-16,0.027872839230637547
2022-03-17,0.006125597782337344
2022-03-18,-0.0007576794453842961
2022-03-21,0.00037465598506192244
2022-03-22,0.00022468349798598908
2022-03-23,-0.015037812979880383
2022-03-24,0.0022397098162505458
2022-03-25,-0.007386997935006301
2022-03-28,0.002310860673813142
2022-03-29,0.021638210153606563
2022-03-30,0.003860333599716048
2022-03-31,-0.005546482830897426
2022-04-01,0.015161551924191885
2022-04-04,0.0043025902073325906
2022-04-05,-0.002158640542125112
2022-04-06,-0.003831483667451785
2022-04-07,-0.0069915795239472445
2022-04-08,0.015911674528948705
2022-04-11,-0.012490481248906615
2022-04-12,0.007398292534722906
2022-04-13,-0.008820913795364649
2022-04-14,-0.0006090964266134424
2022-04-19,0.0009585431554428592
2022-04-20,0.00851711776873576
2022-04-21,0.010960335276458455
2022-04-22,-0.007834883447813579
2022-04-25,-0.016660101725977317
2022-04-26,-0.0021915548543310903
2022-04-27,-0.008021365766422317
2022-04-28,-0.008254941100611424
2022-04-29,-0.006863886400470864
2022-05-02,-0.0007665774972475115
2022-05-03,0.014325526677038125
2022-05-04,-0.007567170486832975
2022-05-05,-0.021000993877995033
2022-05-06,-0.011099942348650527
2022-05-09,-0.04563244724257398
2022-05-10,0.009627130763538494
2022-05-11,0.016334477954914384
2022-05-12,0.009087689148001177
2022-05-13,0.01445322951645256
2022-05-16,0.0032538381781710424
2022-05-17,0.01393987826468468
2022-05-18,-0.01559715027572306
2022-05-19,0.001963517435536577
2022-05-20,0.007569500134998464
2022-05-23,0.00018359917978605367
2022-05-24,-0.004226504271686471
2022-05-25,0.0036043753036274495
2022-05-27,0.013988512623354543
2022-05-31,-0.00611820065288915
2022-06-01,-0.004317833150772721
2022-06-02,0.002679543741234136
2022-06-03,0.0007954832037213588
2022-06-06,0.006337077074243247
2022-06-07,-0.004401965194452684
2022-06-08,0.002173723449388376
2022-06-09,-0.008504549736992995
2022-06-10,-0.021282270983514096
2022-06-13,-0.022459463350385844
2022-06-14,-0.011017191543424176
2022-06-15,0.017379470643602124
2022-06-16,-0.03124045917930862
2022-06-17,0.006088113830165831
2022-06-21,0.019983146158402798
2022-06-22,-0.011354597841878422
2022-06-23,-0.010737932462592914
2022-06-27,0.026779673344264898
2022-06-28,0.006530243735057395
2022-06-29,-0.007088518791385057
2022-06-30,-0.01899461003987779
2022-07-01,0.005773484282356689
2022-07-05,-0.02165610353094838
2022-07-06,0.007815603839221641
2022-07-07,0.023470036808191486
2022-07-08,0.011400269099898885
2022-07-11,-0.012735184776080488
2022-07-12,0.004198255712138499
2022-07-13,-0.007549599651105576
2022-07-14,-0.01399532878664178
2022-07-15,0.010586846804513161
2022-07-18,0.009876450849815255
2022-07-19,0.005079563531858788
2022-07-20,0.022258584448676677
2022-07-21,0.009659114658459256
2022-07-22,-0.0006525981313374452
2022-07-25,0.011312543957545884
2022-07-26,-0.002979615670857916
2022-07-27,-0.004672107772928036
2022-07-28,0.020978153540403444
2022-07-29,0.012226570551338911
2022-08-01,0.005248526193194936
2022-08-02,-0.01781622889259782
2022-08-03,0.007993206820487986
2022-08-04,0.0072495841244752945
2022-08-05,-0.0053694516459390496
2022-08-08,0.010507158376392045
2022-08-09,-0.0013633687038183684
2022-08-10,0.010989440750542645
2022-08-11,-0.008143911174465224
2022-08-12,0.005393772279076892
2022-08-15,-0.007635106643738565
2022-08-16,0.007947639825843789
2022-08-17,-0.023674841320970197
2022-08-18,0.0018822657563095646
2022-08-19,-0.006900528565570441
2022-08-22,-0.01625263478456307
2022-08-23,-0.0005894725558784897
2022-08-24,0.0012164159853669254
2022-08-25,0.011742849034220848
2022-08-26,-0.014507346624075157
2022-08-29,-0.021659859003755888
2022-08-30,0.0025944413888803197
2022-08-31,-0.006689014890186029
2022-09-01,-0.017016086056679813
2022-09-02,0.0038927397178059042
2022-09-06,-0.025151317624190317
2022-09-07,0.00551421237117844
2022-09-08,0.0005860384507849759
2022-09-09,0.009142103075447494
2022-09-12,0.011343051088209322
2022-09-13,-0.01576634961086254
2022-09-14,-0.008751453554245003
2022-09-15,-0.002438610954115683
2022-09-16,-0.008066217423013944
2022-09-19,-0.001571924193969676
2022-09-20,-0.019732207924494594
2022-09-21,0.002393389681915048
2022-09-22,-0.020538585756874395
2022-09-23,-0.014297133023823627
2022-09-26,-0.00809771843528806
2022-09-27,0.004541085605712203
2022-09-28,-0.0009129199365222052
2022-09-29,-0.022523600548683187
2022-09-30,0.0262824589410684
2022-10-03,0.00804318649194613
2022-10-04,0.028394181586989253
2022-10-05,-0.018446548502621396
2022-10-06,-0.0026950889618886364
2022-10-07,-0.007088132903010358
2022-10-10,-0.00550643454382993
2022-10-11,0.0001418328803146629
2022-10-12,0.00507717170800337
2022-10-13,0.008217757188669017
2022-10-14,0.006459458583221833
2022-10-17,0.013175357986424885
2022-10-18,0.01481468545462139
2022-10-19,-0.007937410738672601
2022-10-20,0.0011360326460325698
2022-10-21,0.0005749924810085627
2022-10-24,0.011658240680558318
2022-10-25,0.007387011746695427
2022-10-26,0.008911990688707627
2022-10-27,-0.00021520212162939867
2022-10-28,-0.013053339527262398
2022-10-31,-0.0013163191373042338
2022-11-01,0.002276075150321466
2022-11-02,-0.012472794113103425
2022-11-03,0.003654326077001002
2022-11-04,0.009126366166809285
2022-11-07,0.012318500942774646
2022-11-08,0.009515157201375635
2022-11-09,0.0037574980645329603
2022-11-10,0.014388946775883316
2022-11-11,-0.0022442525518709955
2022-11-14,-0.006538057547120224
2022-11-15,0.00532914715650934
2022-11-16,-0.008055311375746332
2022-11-17,-0.01230257672607904
2022-11-18,0.009861225930205553
2022-11-21,-0.015580556453965388
2022-11-22,0.0037215314778007436
2022-11-23,0.009090151091527998
2022-11-25,0.0035935331543244242
2022-11-28,-0.013023793691900654
2022-11-29,-0.0009726300945323008
2022-11-30,0.006575584362268794
2022-12-01,0.008864394871262782
2022-12-02,0.0006607813829844211
2022-12-05,0.0004901211682004636
2022-12-07,-0.01447995892177012
2022-12-08,-1.7645831710044746e-05
2022-12-09,0.013564644409120419
2022-12-12,-0.009461396488522844
2022-12-13,0.0034641215959521077
2022-12-14,0.00352394489321739
2022-12-15,-0.017852101669088682
2022-12-16,-0.016798104764147226
2022-12-19,-0.004703913654857006
2022-12-20,-0.003670388992077722
2022-12-21,0.01280291973083858
2022-12-22,-0.0030501325500025267
2022-12-23,-0.0006293983648928414
2022-12-27,0.004615798880208466
2022-12-28,-0.005066078177968003
2022-12-29,0.01012488424102842
2022-12-30,-0.005852351364653563
